Characteristic ,Total with Earnings,"$1 to $2,499 or loss","$2,500 to 4,999","$5,000 to $7,499","$7,500 to $9,999","$10,000 to $12,499","$12,500 to $14,999","$15,000 to $17,499","$17,500 to $19,999","$20,000 to $22,499","$22,500 to $24,999","$25,000 to $27,499","$27,500 to $29,999","$30,000 to $32,499","$32,500 to $34,999","$35,000 to $37,499","$37,500 to $39,999","$40,000 to $42,499","$42,500 to $44,999","$45,000 to $47,499","$47,500 to $49,999","$50,000 to $52,499","$53,500 to $54,999","$55,000 to $57,499","$57,500 to $59,999","$60,000 to $62,499","$62,500 to $64,999","$65,000 to $67,499","$67,500 to $69,999","$70,000 to $72,499","$72,500 to $74,999","$75,000 to $77,499","$77,500 to $79,999 ","$80,000 to $82,499","$82,500 to $84,999","$85,000 to $87,499","$87,500 to $89,999","$90,000 to $92,499","$92,500 to $94,999","$95,000 to $97,499","$97,500 to $99,999","$100,000 and over",Median Earnings (Value Dol.),Median Earnings (Standard Error Dol.),Mean Earnings (Value Dol.),Mean Earnings (Standard Error Dol.), Gini Ratio , Gini Ratio Standard Error
....Total,"11,253",403,418,380,293,451,211,546,288,626,375,716,297,820,217,432,217,609,145,385,196,448,83,302,104,370,77,210,39,186,21,150,24,146,24,113,24,89,16,30,30,742,"31,897",275,"42,405",896,0.452,0.0093
"Management, science, and arts occupations","4,190",35,67,73,43,83,37,100,71,125,64,137,61,221,56,134,74,287,70,173,116,206,43,149,69,223,56,136,27,113,17,101,13,126,13,87,20,70,12,15,27,639,"50,837",608,"63,437","1,962",0.404,0.0141
"....Management, business, and financial operations occupations","1,468",6,10,6,4,21,7,19,14,41,9,55,19,51,17,48,13,135,37,56,30,51,13,53,29,62,23,56,19,44,4,46,11,33,0,41,5,30,0,11,14,325,"59,122","2,422","72,907","3,069",0.376,0.0206
........Management occupations,856,2,10,6,4,10,0,17,10,16,8,39,15,19,6,35,3,71,14,31,16,30,5,37,23,36,15,19,6,16,4,32,8,17,0,25,5,22,0,9,12,202,"60,037","2,272","77,050","4,908",0.401,0.0313
"............Chief Executives, General and Operations Managers",74,(B),(B),(B),(B),(B),(B),(B),(B),(B),(B),(B),(B),(B),(B),(B),(B),(B),(B),(B),(B),(B),(B),(B),(B),(B),(B),(B),(B),(B),(B),(B),(B),(B),(B),(B),(B),(B),(B),(B),(B),(B),(B),(B),(B),(B),(B),(B)
............Legislators,0,(B),(B),(B),(B),(B),(B),(B),(B),(B),(B),(B),(B),(B),(B),(B),(B),(B),(B),(B),(B),(B),(B),(B),(B),(B),(B),(B),(B),(B),(B),(B),(B),(B),(B),(B),(B),(B),(B),(B),(B),(B),(B),(B),(B),(B),(B),(B)
............All other Managers,781,2,10,6,0,10,0,17,10,12,8,38,15,19,3,32,3,69,14,28,16,30,3,37,11,32,15,19,6,16,4,32,2,14,0,25,5,22,0,9,12,175,"59,416","3,232","72,061","3,980",0.37,0.029
........Business and financial operations occupations,613,4,0,0,0,11,7,2,4,25,1,16,4,32,11,14,10,63,23,26,13,21,8,16,5,26,8,37,13,28,0,14,3,16,0,16,0,8,0,2,2,123,"56,682","4,673","67,119","2,607",0.334,0.0128
............Business Operations Specialists,381,0,0,0,0,5,3,2,4,16,0,14,1,18,4,6,5,37,23,8,12,8,8,11,2,19,3,14,13,8,0,14,0,6,0,12,0,8,0,2,2,92,"60,395","4,695","71,843","3,467",0.338,0.0159
............Financial Specialists,232,4,0,0,0,6,4,0,0,10,1,1,3,14,6,7,5,26,0,18,2,14,0,5,3,7,5,24,0,19,0,0,3,9,0,4,0,0,0,0,0,31,"51,573","5,970","59,371","4,047",0.313,0.0253
....Professional and related occupations,"2,722",28,57,67,38,62,29,81,58,84,55,82,42,170,40,86,61,152,33,117,87,155,30,96,40,161,33,80,8,69,14,55,2,93,13,46,15,40,12,4,13,314,"48,072","1,257","58,330","2,393",0.414,0.0195
........Computer and mathematical occupations,184,2,7,0,4,0,0,3,0,12,0,3,3,15,0,2,0,7,1,3,3,21,0,4,0,12,0,2,0,5,7,2,0,11,0,0,0,8,0,0,0,48,"60,762","8,580","86,061","20,165",0.477,0.1051
"............Computer scientists, analysts, programmers, engineers,
 ............and administrators",172,2,7,0,4,0,0,3,0,12,0,3,3,15,0,2,0,7,1,3,3,21,0,4,0,12,0,2,0,3,0,2,0,11,0,0,0,8,0,0,0,45,"56,161","8,001","86,552","21,455",0.495,0.1063
............Actuaries,0,(B),(B),(B),(B),(B),(B),(B),(B),(B),(B),(B),(B),(B),(B),(B),(B),(B),(B),(B),(B),(B),(B),(B),(B),(B),(B),(B),(B),(B),(B),(B),(B),(B),(B),(B),(B),(B),(B),(B),(B),(B),(B),(B),(B),(B),(B),(B)
"............Mathematicians, statisticians, operations research
 ............and other math occupations",11,(B),(B),(B),(B),(B),(B),(B),(B),(B),(B),(B),(B),(B),(B),(B),(B),(B),(B),(B),(B),(B),(B),(B),(B),(B),(B),(B),(B),(B),(B),(B),(B),(B),(B),(B),(B),(B),(B),(B),(B),(B),(B),(B),(B),(B),(B),(B)
........Architecture and engineering occupations,71,(B),(B),(B),(B),(B),(B),(B),(B),(B),(B),(B),(B),(B),(B),(B),(B),(B),(B),(B),(B),(B),(B),(B),(B),(B),(B),(B),(B),(B),(B),(B),(B),(B),(B),(B),(B),(B),(B),(B),(B),(B),(B),(B),(B),(B),(B),(B)
"............Architects, except naval",11,(B),(B),(B),(B),(B),(B),(B),(B),(B),(B),(B),(B),(B),(B),(B),(B),(B),(B),(B),(B),(B),(B),(B),(B),(B),(B),(B),(B),(B),(B),(B),(B),(B),(B),(B),(B),(B),(B),(B),(B),(B),(B),(B),(B),(B),(B),(B)
"............Surveyors, Cartographers, and photogrammetrists",0,(B),(B),(B),(B),(B),(B),(B),(B),(B),(B),(B),(B),(B),(B),(B),(B),(B),(B),(B),(B),(B),(B),(B),(B),(B),(B),(B),(B),(B),(B),(B),(B),(B),(B),(B),(B),(B),(B),(B),(B),(B),(B),(B),(B),(B),(B),(B)
............Engineers,38,(B),(B),(B),(B),(B),(B),(B),(B),(B),(B),(B),(B),(B),(B),(B),(B),(B),(B),(B),(B),(B),(B),(B),(B),(B),(B),(B),(B),(B),(B),(B),(B),(B),(B),(B),(B),(B),(B),(B),(B),(B),(B),(B),(B),(B),(B),(B)
"............Drafters, Engineering technicians, and Surveying
 ............and mapping technicians",22,(B),(B),(B),(B),(B),(B),(B),(B),(B),(B),(B),(B),(B),(B),(B),(B),(B),(B),(B),(B),(B),(B),(B),(B),(B),(B),(B),(B),(B),(B),(B),(B),(B),(B),(B),(B),(B),(B),(B),(B),(B),(B),(B),(B),(B),(B),(B)
"........Life, physical, and social science occupations",80,0,9,2,0,0,0,0,0,0,0,0,0,0,0,0,0,3,0,5,0,14,0,0,0,0,0,2,0,3,0,9,0,13,2,0,0,4,0,0,0,13,"75,625","10,905","67,080","7,393",0.292,0.0596
............Astronomers and Physicists,0,(B),(B),(B),(B),(B),(B),(B),(B),(B),(B),(B),(B),(B),(B),(B),(B),(B),(B),(B),(B),(B),(B),(B),(B),(B),(B),(B),(B),(B),(B),(B),(B),(B),(B),(B),(B),(B),(B),(B),(B),(B),(B),(B),(B),(B),(B),(B)
............Economists,5,(B),(B),(B),(B),(B),(B),(B),(B),(B),(B),(B),(B),(B),(B),(B),(B),(B),(B),(B),(B),(B),(B),(B),(B),(B),(B),(B),(B),(B),(B),(B),(B),(B),(B),(B),(B),(B),(B),(B),(B),(B),(B),(B),(B),(B),(B),(B)
............Psychologists and Sociologists,21,(B),(B),(B),(B),(B),(B),(B),(B),(B),(B),(B),(B),(B),(B),(B),(B),(B),(B),(B),(B),(B),(B),(B),(B),(B),(B),(B),(B),(B),(B),(B),(B),(B),(B),(B),(B),(B),(B),(B),(B),(B),(B),(B),(B),(B),(B),(B)
............All other scientists,35,(B),(B),(B),(B),(B),(B),(B),(B),(B),(B),(B),(B),(B),(B),(B),(B),(B),(B),(B),(B),(B),(B),(B),(B),(B),(B),(B),(B),(B),(B),(B),(B),(B),(B),(B),(B),(B),(B),(B),(B),(B),(B),(B),(B),(B),(B),(B)
............Science technicians,18,(B),(B),(B),(B),(B),(B),(B),(B),(B),(B),(B),(B),(B),(B),(B),(B),(B),(B),(B),(B),(B),(B),(B),(B),(B),(B),(B),(B),(B),(B),(B),(B),(B),(B),(B),(B),(B),(B),(B),(B),(B),(B),(B),(B),(B),(B),(B)
........Community and social services occupations,387,1,2,8,3,8,1,5,11,1,1,21,12,41,7,20,3,51,2,22,8,29,7,29,15,20,0,3,0,21,0,8,0,13,0,4,2,0,0,0,0,6,"42,283","2,961","45,234","1,616",0.257,0.0192
........Legal occupations,112,0,0,0,0,1,0,1,0,2,0,0,0,11,0,0,0,5,0,1,0,1,1,0,0,12,2,1,0,8,0,0,0,14,0,1,0,7,0,0,5,39,"81,766","7,047","107,670","12,422",0.365,0.029
"............Lawyers, Judges, and Magistrates",75,0,0,0,0,1,0,0,0,2,0,0,0,0,0,0,0,3,0,0,0,1,1,0,0,0,0,1,0,8,0,0,0,14,0,1,0,3,0,0,5,33,"97,908","19,277","126,951","16,844",0.33,0.0279
"............Paralegals, Legal assistants, and Legal support workers",37,(B),(B),(B),(B),(B),(B),(B),(B),(B),(B),(B),(B),(B),(B),(B),(B),(B),(B),(B),(B),(B),(B),(B),(B),(B),(B),(B),(B),(B),(B),(B),(B),(B),(B),(B),(B),(B),(B),(B),(B),(B),(B),(B),(B),(B),(B),(B)
........Education instruction and library occupations,782,20,26,33,12,29,16,35,27,35,43,23,13,55,10,23,14,29,9,29,50,37,12,19,6,43,6,21,5,5,1,14,0,7,6,15,5,7,0,3,0,37,"36,316","3,117","41,723","2,069",0.403,0.0187
............Postsecondary teachers,82,0,4,6,0,0,0,0,0,0,1,2,0,2,1,9,0,0,0,6,3,3,0,0,0,2,0,7,0,5,0,0,0,0,3,3,3,0,0,0,0,21,"65,508","12,640","72,558","11,952",0.398,0.0529
............All other teachers,513,10,14,15,7,19,10,11,11,19,35,17,11,32,9,3,14,24,9,24,43,29,11,19,6,27,6,14,5,0,0,14,0,7,3,12,2,7,0,3,0,13,"42,222","2,998","42,687","2,031",0.345,0.0212
"............Archivists, Curators, Museum technicians, Librarians,
 ............and Other technicians and assistants",186,10,9,11,5,11,6,23,16,16,7,4,2,22,0,12,0,5,0,0,5,4,1,0,0,13,0,0,0,0,1,0,0,0,0,0,0,0,0,0,0,2,"20,242","1,824","25,420","2,604",0.42,0.0488
"........Arts, design, entertainment, sports, and media occupations",118,3,0,7,7,2,2,7,4,7,0,0,1,8,2,0,1,9,0,1,0,9,3,5,0,0,4,7,0,0,0,6,0,4,0,4,0,0,3,0,0,12,"46,576","9,574","49,067","6,129",0.403,0.0402
........Healthcare practitioner and technical occupations,988,2,12,17,12,20,10,31,10,23,11,32,9,41,21,40,32,49,20,55,19,44,7,35,20,68,15,42,3,27,6,15,2,27,6,19,6,15,9,1,8,147,"51,497","2,085","65,753","4,265",0.409,0.0318
............Doctors,39,(B),(B),(B),(B),(B),(B),(B),(B),(B),(B),(B),(B),(B),(B),(B),(B),(B),(B),(B),(B),(B),(B),(B),(B),(B),(B),(B),(B),(B),(B),(B),(B),(B),(B),(B),(B),(B),(B),(B),(B),(B),(B),(B),(B),(B),(B),(B)
............Nurses,609,0,3,14,7,14,3,10,3,11,10,20,2,21,8,24,18,35,14,29,10,17,5,26,10,45,11,21,0,27,6,15,2,24,6,15,4,13,7,0,8,93,"57,689","3,244","66,224","5,280",0.361,0.0459
............All other health and technical occupations,341,2,9,4,5,6,8,21,7,13,1,12,7,20,13,17,14,14,6,26,9,28,1,10,10,21,4,18,3,0,0,0,0,3,0,4,2,0,2,1,0,22,"42,424","3,904","48,485","3,423",0.376,0.034
Service occupations,"3,009",167,169,136,97,181,84,177,117,303,182,289,105,233,48,116,49,123,35,52,28,53,22,52,6,49,6,8,7,24,2,22,3,5,10,4,4,0,3,0,0,36,"23,496",656,"27,030",912,0.411,0.0164
....Healthcare support occupations,"1,137",27,40,32,13,58,36,59,58,118,74,122,26,125,29,70,26,47,28,35,20,15,12,10,0,20,0,0,2,12,0,11,0,0,0,0,0,0,0,0,0,9,"26,078",563,"27,905",902,0.312,0.0124
....Protective service occupations,273,3,5,7,12,12,0,5,12,33,10,5,10,30,0,14,0,10,1,7,2,22,0,12,5,12,0,2,3,6,0,8,3,0,0,3,4,0,3,0,0,13,"31,970","3,520","40,320","3,049",0.368,0.0251
........Supervisors,27,(B),(B),(B),(B),(B),(B),(B),(B),(B),(B),(B),(B),(B),(B),(B),(B),(B),(B),(B),(B),(B),(B),(B),(B),(B),(B),(B),(B),(B),(B),(B),(B),(B),(B),(B),(B),(B),(B),(B),(B),(B),(B),(B),(B),(B),(B),(B)
........Firefighters and Police,30,(B),(B),(B),(B),(B),(B),(B),(B),(B),(B),(B),(B),(B),(B),(B),(B),(B),(B),(B),(B),(B),(B),(B),(B),(B),(B),(B),(B),(B),(B),(B),(B),(B),(B),(B),(B),(B),(B),(B),(B),(B),(B),(B),(B),(B),(B),(B)
........All other protective service occupations,216,3,0,7,12,12,0,5,10,33,10,3,7,26,0,10,0,6,0,3,2,13,0,12,5,10,0,2,3,0,0,8,0,0,0,3,4,0,3,0,0,3,"30,652","2,071","36,643","3,316",0.361,0.0259
....Food preparations and serving related occupations,699,57,83,49,26,33,33,48,22,74,27,83,19,23,8,12,10,33,0,3,0,14,9,8,0,2,0,0,0,0,0,0,0,5,10,0,0,0,0,0,0,7,"19,825","1,817","23,547","2,659",0.502,0.0489
........Supervisors,61,(B),(B),(B),(B),(B),(B),(B),(B),(B),(B),(B),(B),(B),(B),(B),(B),(B),(B),(B),(B),(B),(B),(B),(B),(B),(B),(B),(B),(B),(B),(B),(B),(B),(B),(B),(B),(B),(B),(B),(B),(B),(B),(B),(B),(B),(B),(B)
........Chefs and Cooks,182,10,4,10,8,0,9,13,8,33,1,26,7,11,0,2,6,20,0,0,0,6,0,4,0,0,0,0,0,0,0,0,0,0,0,0,0,0,0,0,0,4,"22,189","2,708","31,960","8,424",0.475,0.1235
........All other food preparation occupations,456,43,79,36,13,30,23,31,9,41,26,53,12,10,8,5,4,6,0,2,0,3,3,1,0,2,0,0,0,0,0,0,0,5,10,0,0,0,0,0,0,0,"15,233","1,634","17,710","1,261",0.47,0.0276
....Building and grounds cleaning and maintenance occupations,410,34,27,25,23,51,8,34,11,41,38,27,19,31,4,2,4,8,3,7,2,0,0,3,1,0,2,0,2,0,0,0,0,0,0,0,0,0,0,0,0,4,"18,416","2,624","23,507","3,409",0.489,0.066
........Supervisors,16,(B),(B),(B),(B),(B),(B),(B),(B),(B),(B),(B),(B),(B),(B),(B),(B),(B),(B),(B),(B),(B),(B),(B),(B),(B),(B),(B),(B),(B),(B),(B),(B),(B),(B),(B),(B),(B),(B),(B),(B),(B),(B),(B),(B),(B),(B),(B)
........All other maintenance occupations,395,34,26,21,23,49,8,32,10,41,38,27,19,31,4,2,2,6,3,7,0,0,0,3,1,0,2,0,2,0,0,0,0,0,0,0,0,0,0,0,0,4,"18,828","2,660","23,551","3,521",0.49,0.0683
....Personal care and service occupations,490,46,14,23,24,28,6,31,15,37,33,52,31,24,8,18,9,25,3,0,4,3,0,18,0,14,4,6,0,6,2,2,0,0,0,0,0,0,0,0,0,3,"24,105","1,573","25,522","1,611",0.396,0.0227
........Supervisors,18,(B),(B),(B),(B),(B),(B),(B),(B),(B),(B),(B),(B),(B),(B),(B),(B),(B),(B),(B),(B),(B),(B),(B),(B),(B),(B),(B),(B),(B),(B),(B),(B),(B),(B),(B),(B),(B),(B),(B),(B),(B),(B),(B),(B),(B),(B),(B)
........All other personal care and service occupations,472,46,14,23,24,28,6,31,15,37,33,52,31,21,8,18,9,25,3,0,4,3,0,18,0,14,0,3,0,2,0,0,0,0,0,0,0,0,0,0,0,3,"23,429","1,552","24,137","1,535",0.388,0.0238
Sales and office occupations,"3,015",158,113,128,128,141,64,181,53,145,88,188,105,291,68,150,86,119,31,127,37,152,15,82,29,79,5,59,4,37,2,24,7,12,0,20,0,18,0,10,3,56,"30,127",759,"33,301","1,348",0.414,0.0191
....Sales and related occupations,"1,096",110,65,90,79,86,17,83,20,67,35,60,27,77,6,34,15,31,3,27,2,26,10,21,2,12,4,19,0,9,2,20,0,9,0,0,0,0,0,0,0,27,"19,556","2,347","25,354","1,297",0.491,0.0165
........Supervisors,193,5,5,2,0,2,0,12,2,2,3,4,6,41,0,9,6,11,3,19,2,10,4,13,0,10,4,0,0,0,0,3,0,7,0,0,0,0,0,0,0,8,"38,361","4,428","42,184","3,321",0.313,0.038
........Cashiers,484,82,38,69,39,38,15,55,16,38,16,27,16,3,0,10,10,0,0,3,0,10,0,0,0,0,0,0,0,0,0,0,0,0,0,0,0,0,0,0,0,0,"10,908","1,274","13,536",858,0.445,0.0239
........Insurance sales agents,27,(B),(B),(B),(B),(B),(B),(B),(B),(B),(B),(B),(B),(B),(B),(B),(B),(B),(B),(B),(B),(B),(B),(B),(B),(B),(B),(B),(B),(B),(B),(B),(B),(B),(B),(B),(B),(B),(B),(B),(B),(B),(B),(B),(B),(B),(B),(B)
........Real estate brokers and sales agents,45,(B),(B),(B),(B),(B),(B),(B),(B),(B),(B),(B),(B),(B),(B),(B),(B),(B),(B),(B),(B),(B),(B),(B),(B),(B),(B),(B),(B),(B),(B),(B),(B),(B),(B),(B),(B),(B),(B),(B),(B),(B),(B),(B),(B),(B),(B),(B)
........All other sales and related occupations,347,23,18,19,40,36,2,13,3,25,15,29,3,30,1,13,0,15,0,4,0,6,6,7,2,2,0,12,0,3,0,8,0,2,0,0,0,0,0,0,0,10,"21,856","1,928","26,985","2,602",0.476,0.0273
....Office and administrative support occupations,"1,919",48,48,38,48,55,46,98,33,78,53,128,78,214,62,116,70,88,28,100,35,126,5,62,27,67,1,40,4,28,0,4,7,3,0,20,0,18,0,10,3,29,"32,422",911,"37,840","1,952",0.361,0.0278
........Supervisors,155,2,2,0,3,0,0,12,1,0,0,6,0,7,4,10,5,15,12,3,4,9,5,9,6,0,0,2,0,4,0,0,0,0,0,12,0,15,0,0,0,5,"44,362","3,924","50,084","3,706",0.285,0.0288
........Postal workers,70,(B),(B),(B),(B),(B),(B),(B),(B),(B),(B),(B),(B),(B),(B),(B),(B),(B),(B),(B),(B),(B),(B),(B),(B),(B),(B),(B),(B),(B),(B),(B),(B),(B),(B),(B),(B),(B),(B),(B),(B),(B),(B),(B),(B),(B),(B),(B)
........All other office and administrative support occupations,"1,694",46,41,38,45,53,46,86,33,78,53,121,78,200,57,104,61,69,15,93,31,111,0,52,15,65,1,35,4,13,0,4,7,3,0,4,0,3,0,4,3,22,"31,636",443,"36,094","2,163",0.362,0.033
"Natural resources, construction, and maintenance occupations",95,0,9,0,6,1,0,6,0,7,4,13,0,9,0,0,0,7,2,2,1,10,1,0,0,3,4,0,2,0,0,2,0,0,0,0,0,0,0,3,0,3,"30,238","5,520","36,015","3,948",0.379,0.0383
"....Farming, fishing and forestry occupations",33,(B),(B),(B),(B),(B),(B),(B),(B),(B),(B),(B),(B),(B),(B),(B),(B),(B),(B),(B),(B),(B),(B),(B),(B),(B),(B),(B),(B),(B),(B),(B),(B),(B),(B),(B),(B),(B),(B),(B),(B),(B),(B),(B),(B),(B),(B),(B)
........Supervisors,2,(B),(B),(B),(B),(B),(B),(B),(B),(B),(B),(B),(B),(B),(B),(B),(B),(B),(B),(B),(B),(B),(B),(B),(B),(B),(B),(B),(B),(B),(B),(B),(B),(B),(B),(B),(B),(B),(B),(B),(B),(B),(B),(B),(B),(B),(B),(B)
"........All other farming, fishing, and forestry occupations",31,(B),(B),(B),(B),(B),(B),(B),(B),(B),(B),(B),(B),(B),(B),(B),(B),(B),(B),(B),(B),(B),(B),(B),(B),(B),(B),(B),(B),(B),(B),(B),(B),(B),(B),(B),(B),(B),(B),(B),(B),(B),(B),(B),(B),(B),(B),(B)
....Construction and extraction occupations,37,(B),(B),(B),(B),(B),(B),(B),(B),(B),(B),(B),(B),(B),(B),(B),(B),(B),(B),(B),(B),(B),(B),(B),(B),(B),(B),(B),(B),(B),(B),(B),(B),(B),(B),(B),(B),(B),(B),(B),(B),(B),(B),(B),(B),(B),(B),(B)
.......Construction,33,(B),(B),(B),(B),(B),(B),(B),(B),(B),(B),(B),(B),(B),(B),(B),(B),(B),(B),(B),(B),(B),(B),(B),(B),(B),(B),(B),(B),(B),(B),(B),(B),(B),(B),(B),(B),(B),(B),(B),(B),(B),(B),(B),(B),(B),(B),(B)
............Supervisors,1,(B),(B),(B),(B),(B),(B),(B),(B),(B),(B),(B),(B),(B),(B),(B),(B),(B),(B),(B),(B),(B),(B),(B),(B),(B),(B),(B),(B),(B),(B),(B),(B),(B),(B),(B),(B),(B),(B),(B),(B),(B),(B),(B),(B),(B),(B),(B)
"............Brickmasons, blockmasons, and stonemasons",0,(B),(B),(B),(B),(B),(B),(B),(B),(B),(B),(B),(B),(B),(B),(B),(B),(B),(B),(B),(B),(B),(B),(B),(B),(B),(B),(B),(B),(B),(B),(B),(B),(B),(B),(B),(B),(B),(B),(B),(B),(B),(B),(B),(B),(B),(B),(B)
............Carpenters,2,(B),(B),(B),(B),(B),(B),(B),(B),(B),(B),(B),(B),(B),(B),(B),(B),(B),(B),(B),(B),(B),(B),(B),(B),(B),(B),(B),(B),(B),(B),(B),(B),(B),(B),(B),(B),(B),(B),(B),(B),(B),(B),(B),(B),(B),(B),(B)
............Electricians,2,(B),(B),(B),(B),(B),(B),(B),(B),(B),(B),(B),(B),(B),(B),(B),(B),(B),(B),(B),(B),(B),(B),(B),(B),(B),(B),(B),(B),(B),(B),(B),(B),(B),(B),(B),(B),(B),(B),(B),(B),(B),(B),(B),(B),(B),(B),(B)
............Painters and paperhangers,1,(B),(B),(B),(B),(B),(B),(B),(B),(B),(B),(B),(B),(B),(B),(B),(B),(B),(B),(B),(B),(B),(B),(B),(B),(B),(B),(B),(B),(B),(B),(B),(B),(B),(B),(B),(B),(B),(B),(B),(B),(B),(B),(B),(B),(B),(B),(B)
............Sheet metal workers,6,(B),(B),(B),(B),(B),(B),(B),(B),(B),(B),(B),(B),(B),(B),(B),(B),(B),(B),(B),(B),(B),(B),(B),(B),(B),(B),(B),(B),(B),(B),(B),(B),(B),(B),(B),(B),(B),(B),(B),(B),(B),(B),(B),(B),(B),(B),(B)
............Structural iron and steel workers,0,(B),(B),(B),(B),(B),(B),(B),(B),(B),(B),(B),(B),(B),(B),(B),(B),(B),(B),(B),(B),(B),(B),(B),(B),(B),(B),(B),(B),(B),(B),(B),(B),(B),(B),(B),(B),(B),(B),(B),(B),(B),(B),(B),(B),(B),(B),(B)
............All other construction trades,22,(B),(B),(B),(B),(B),(B),(B),(B),(B),(B),(B),(B),(B),(B),(B),(B),(B),(B),(B),(B),(B),(B),(B),(B),(B),(B),(B),(B),(B),(B),(B),(B),(B),(B),(B),(B),(B),(B),(B),(B),(B),(B),(B),(B),(B),(B),(B)
........Extraction workers,3,(B),(B),(B),(B),(B),(B),(B),(B),(B),(B),(B),(B),(B),(B),(B),(B),(B),(B),(B),(B),(B),(B),(B),(B),(B),(B),(B),(B),(B),(B),(B),(B),(B),(B),(B),(B),(B),(B),(B),(B),(B),(B),(B),(B),(B),(B),(B)
"....Installation, maintenance, and repair occupations",25,(B),(B),(B),(B),(B),(B),(B),(B),(B),(B),(B),(B),(B),(B),(B),(B),(B),(B),(B),(B),(B),(B),(B),(B),(B),(B),(B),(B),(B),(B),(B),(B),(B),(B),(B),(B),(B),(B),(B),(B),(B),(B),(B),(B),(B),(B),(B)
........Supervisors,4,(B),(B),(B),(B),(B),(B),(B),(B),(B),(B),(B),(B),(B),(B),(B),(B),(B),(B),(B),(B),(B),(B),(B),(B),(B),(B),(B),(B),(B),(B),(B),(B),(B),(B),(B),(B),(B),(B),(B),(B),(B),(B),(B),(B),(B),(B),(B)
........Aircraft mechanics and service,1,(B),(B),(B),(B),(B),(B),(B),(B),(B),(B),(B),(B),(B),(B),(B),(B),(B),(B),(B),(B),(B),(B),(B),(B),(B),(B),(B),(B),(B),(B),(B),(B),(B),(B),(B),(B),(B),(B),(B),(B),(B),(B),(B),(B),(B),(B),(B)
"........Auto, bus, truck, heavy equipment, mechanics",6,(B),(B),(B),(B),(B),(B),(B),(B),(B),(B),(B),(B),(B),(B),(B),(B),(B),(B),(B),(B),(B),(B),(B),(B),(B),(B),(B),(B),(B),(B),(B),(B),(B),(B),(B),(B),(B),(B),(B),(B),(B),(B),(B),(B),(B),(B),(B)
"........Heating, air conditioning, and refrigeration mechanics
 ........and installers",0,(B),(B),(B),(B),(B),(B),(B),(B),(B),(B),(B),(B),(B),(B),(B),(B),(B),(B),(B),(B),(B),(B),(B),(B),(B),(B),(B),(B),(B),(B),(B),(B),(B),(B),(B),(B),(B),(B),(B),(B),(B),(B),(B),(B),(B),(B),(B)
"........Electrical power-line and telecommunications line installers
 ........and repairers",0,(B),(B),(B),(B),(B),(B),(B),(B),(B),(B),(B),(B),(B),(B),(B),(B),(B),(B),(B),(B),(B),(B),(B),(B),(B),(B),(B),(B),(B),(B),(B),(B),(B),(B),(B),(B),(B),(B),(B),(B),(B),(B),(B),(B),(B),(B),(B)
........All other occupations,14,(B),(B),(B),(B),(B),(B),(B),(B),(B),(B),(B),(B),(B),(B),(B),(B),(B),(B),(B),(B),(B),(B),(B),(B),(B),(B),(B),(B),(B),(B),(B),(B),(B),(B),(B),(B),(B),(B),(B),(B),(B),(B),(B),(B),(B),(B),(B)
"Production, transportation, and material moving occupations",923,43,60,42,20,45,27,82,44,46,37,85,26,65,45,32,9,71,7,31,13,21,3,19,1,13,5,7,0,7,0,1,0,3,1,3,0,0,0,2,0,7,"25,444",830,"27,249","1,189",0.384,0.0209
....Production occupations,381,9,21,8,9,23,8,24,17,5,22,35,20,27,32,5,9,22,3,27,13,4,3,14,0,7,0,7,0,1,0,1,0,3,1,1,0,0,0,2,0,0,"28,579","1,794","29,713","1,538",0.331,0.021
........Supervisors,55,(B),(B),(B),(B),(B),(B),(B),(B),(B),(B),(B),(B),(B),(B),(B),(B),(B),(B),(B),(B),(B),(B),(B),(B),(B),(B),(B),(B),(B),(B),(B),(B),(B),(B),(B),(B),(B),(B),(B),(B),(B),(B),(B),(B),(B),(B),(B)
........All other occupations,327,9,21,8,9,17,8,21,17,5,22,31,20,23,29,5,5,8,3,18,13,4,3,14,0,7,0,0,0,0,0,1,0,3,1,1,0,0,0,2,0,0,"27,104","1,383","28,258","1,698",0.341,0.024
....Transportation and material moving occupations,542,34,39,34,11,22,19,58,27,41,15,50,6,38,13,27,0,50,4,4,0,18,0,5,1,6,5,0,0,6,0,0,0,0,0,2,0,0,0,0,0,7,"21,669","1,414","25,514","1,710",0.417,0.0324
........Supervisors,9,(B),(B),(B),(B),(B),(B),(B),(B),(B),(B),(B),(B),(B),(B),(B),(B),(B),(B),(B),(B),(B),(B),(B),(B),(B),(B),(B),(B),(B),(B),(B),(B),(B),(B),(B),(B),(B),(B),(B),(B),(B),(B),(B),(B),(B),(B),(B)
........Aircraft pilots and flight engineers,0,(B),(B),(B),(B),(B),(B),(B),(B),(B),(B),(B),(B),(B),(B),(B),(B),(B),(B),(B),(B),(B),(B),(B),(B),(B),(B),(B),(B),(B),(B),(B),(B),(B),(B),(B),(B),(B),(B),(B),(B),(B),(B),(B),(B),(B),(B),(B)
........Air traffic controllers and airfield operation specialists,0,(B),(B),(B),(B),(B),(B),(B),(B),(B),(B),(B),(B),(B),(B),(B),(B),(B),(B),(B),(B),(B),(B),(B),(B),(B),(B),(B),(B),(B),(B),(B),(B),(B),(B),(B),(B),(B),(B),(B),(B),(B),(B),(B),(B),(B),(B),(B)
"........Auto, bus, truck, ambulance, taxi drivers",158,6,2,9,0,1,4,22,7,9,4,14,1,21,5,20,0,7,1,4,0,13,0,0,1,3,5,0,0,0,0,0,0,0,0,0,0,0,0,0,0,0,"30,165","4,038","28,630","1,939",0.3,0.0293
........Rail and subway workers,0,(B),(B),(B),(B),(B),(B),(B),(B),(B),(B),(B),(B),(B),(B),(B),(B),(B),(B),(B),(B),(B),(B),(B),(B),(B),(B),(B),(B),(B),(B),(B),(B),(B),(B),(B),(B),(B),(B),(B),(B),(B),(B),(B),(B),(B),(B),(B)
........Ship captains and engineers,0,(B),(B),(B),(B),(B),(B),(B),(B),(B),(B),(B),(B),(B),(B),(B),(B),(B),(B),(B),(B),(B),(B),(B),(B),(B),(B),(B),(B),(B),(B),(B),(B),(B),(B),(B),(B),(B),(B),(B),(B),(B),(B),(B),(B),(B),(B),(B)
........All other transportation occupations,375,28,38,25,11,21,14,36,21,32,11,36,5,17,8,7,0,36,3,0,0,5,0,4,0,3,0,0,0,4,0,0,0,0,0,2,0,0,0,0,0,7,"19,210","1,665","23,615","2,212",0.462,0.045
Armed Forces,20,(B),(B),(B),(B),(B),(B),(B),(B),(B),(B),(B),(B),(B),(B),(B),(B),(B),(B),(B),(B),(B),(B),(B),(B),(B),(B),(B),(B),(B),(B),(B),(B),(B),(B),(B),(B),(B),(B),(B),(B),(B),(B),(B),(B),(B),(B),(B)
,,,,,,,,,,,,,,,,,,,,,,,,,,,,,,,,,,,,,,,,,,,,,,,,
Characteristic ,Total with Earnings,"$1 to $2,499 or loss","$2,500 to 4,999","$5,000 to $7,499","$7,500 to $9,999","$10,000 to $12,499","$12,500 to $14,999","$15,000 to $17,499","$17,500 to $19,999","$20,000 to $22,499","$22,500 to $24,999","$25,000 to $27,499","$27,500 to $29,999","$30,000 to $32,499","$32,500 to $34,999","$35,000 to $37,499","$37,500 to $39,999","$40,000 to $42,499","$42,500 to $44,999","$45,000 to $47,499","$47,500 to $49,999","$50,000 to $52,499","$53,500 to $54,999","$55,000 to $57,499","$57,500 to $59,999","$60,000 to $62,499","$62,500 to $64,999","$65,000 to $67,499","$67,500 to $69,999","$70,000 to $72,499","$72,500 to $74,999","$75,000 to $77,499","$77,500 to $79,999 ","$80,000 to $82,499","$82,500 to $84,999","$85,000 to $87,499","$87,500 to $89,999","$90,000 to $92,499","$92,500 to $94,999","$95,000 to $97,499","$97,500 to $99,999","$100,000 and over",Median Earnings (Value Dol.),Median Earnings (Standard Error Dol.),Mean Earnings (Value Dol.),Mean Earnings (Standard Error Dol.), Gini Ratio , Gini Ratio Standard Error
....Total,"5,130",171,138,133,85,197,116,160,91,260,113,252,99,213,38,212,74,165,39,158,71,214,38,124,28,230,28,79,32,109,10,124,34,129,48,60,13,109,26,37,13,862,"45,162","2,209","62,855","1,996",0.502,0.0117
"Management, science, and arts occupations","2,762",58,19,40,29,55,21,42,41,54,26,70,30,78,14,71,29,66,27,84,32,132,26,82,26,153,25,52,23,90,10,98,27,105,39,51,13,89,24,36,13,764,"67,523","2,960","87,045","3,140",0.444,0.0149
"....Management, business, and financial operations occupations",959,10,8,16,5,13,0,9,4,25,3,20,7,17,2,34,12,22,9,32,16,52,12,16,8,46,11,30,3,37,3,30,15,41,12,16,6,32,5,10,2,307,"72,779","4,185","95,308","6,752",0.431,0.0301
........Management occupations,498,6,5,9,5,9,0,2,4,9,3,16,3,14,2,20,4,15,3,13,9,27,0,7,4,22,11,6,1,11,0,19,6,25,12,10,0,5,0,8,2,171,"76,141","4,304","104,457","11,286",0.484,0.0396
"............Chief Executives, General and Operations Managers",41,(B),(B),(B),(B),(B),(B),(B),(B),(B),(B),(B),(B),(B),(B),(B),(B),(B),(B),(B),(B),(B),(B),(B),(B),(B),(B),(B),(B),(B),(B),(B),(B),(B),(B),(B),(B),(B),(B),(B),(B),(B),(B),(B),(B),(B),(B),(B)
............Legislators,0,(B),(B),(B),(B),(B),(B),(B),(B),(B),(B),(B),(B),(B),(B),(B),(B),(B),(B),(B),(B),(B),(B),(B),(B),(B),(B),(B),(B),(B),(B),(B),(B),(B),(B),(B),(B),(B),(B),(B),(B),(B),(B),(B),(B),(B),(B),(B)
............All other Managers,457,6,5,9,5,9,0,2,4,9,3,14,3,14,2,14,4,15,3,13,9,27,0,7,4,22,11,6,1,9,0,19,6,17,6,8,0,5,0,8,2,156,"72,295","6,636","100,863","11,327",0.481,0.0427
........Business and financial operations occupations,461,4,3,7,0,4,0,7,0,16,0,4,4,3,0,15,8,7,6,19,7,25,12,10,4,23,0,24,2,25,3,11,9,17,0,7,6,26,5,2,0,136,"71,658","3,331","85,420","5,286",0.357,0.0309
............Business Operations Specialists,220,2,3,4,0,0,0,5,0,7,0,1,0,0,0,13,5,7,1,6,2,8,5,4,0,10,0,0,2,12,1,4,5,7,0,4,4,11,5,2,0,78,"80,461","6,658","90,095","9,671",0.372,0.0619
............Financial Specialists,241,2,0,2,0,4,0,2,0,10,0,3,4,3,0,1,3,0,5,13,5,17,7,6,4,13,0,24,0,13,2,7,5,9,0,2,2,16,0,0,0,58,"66,836","3,559","81,147","5,658",0.337,0.0274
....Professional and related occupations,"1,802",48,11,24,24,42,21,33,37,28,23,49,23,62,12,37,16,44,18,52,16,80,14,65,18,107,14,22,20,53,7,68,12,64,26,35,7,57,20,26,11,457,"62,408","2,950","82,646","3,391",0.449,0.0177
........Computer and mathematical occupations,389,4,0,0,4,1,3,0,5,0,0,6,2,7,0,3,0,5,3,0,5,5,5,17,13,27,4,5,0,6,2,8,4,17,12,12,4,23,12,5,3,156,"90,523","3,537","106,265","7,424",0.357,0.0334
"............Computer scientists, analysts, programmers, engineers,
 ............and administrators",343,4,0,0,4,1,3,0,5,0,0,6,2,5,0,3,0,5,3,0,5,5,3,4,13,23,4,2,0,4,2,6,4,17,10,10,4,21,12,5,3,145,"91,750","2,640","110,433","8,300",0.368,0.0352
............Actuaries,8,(B),(B),(B),(B),(B),(B),(B),(B),(B),(B),(B),(B),(B),(B),(B),(B),(B),(B),(B),(B),(B),(B),(B),(B),(B),(B),(B),(B),(B),(B),(B),(B),(B),(B),(B),(B),(B),(B),(B),(B),(B),(B),(B),(B),(B),(B),(B)
"............Mathematicians, statisticians, operations research
 ............and other math occupations",37,(B),(B),(B),(B),(B),(B),(B),(B),(B),(B),(B),(B),(B),(B),(B),(B),(B),(B),(B),(B),(B),(B),(B),(B),(B),(B),(B),(B),(B),(B),(B),(B),(B),(B),(B),(B),(B),(B),(B),(B),(B),(B),(B),(B),(B),(B),(B)
........Architecture and engineering occupations,84,0,0,0,2,0,0,2,3,0,0,2,5,0,0,0,2,2,0,0,0,0,0,2,0,5,3,1,0,3,0,9,0,3,0,0,0,5,0,3,0,31,"80,495","10,899","143,111","34,019",0.556,0.0752
"............Architects, except naval",3,(B),(B),(B),(B),(B),(B),(B),(B),(B),(B),(B),(B),(B),(B),(B),(B),(B),(B),(B),(B),(B),(B),(B),(B),(B),(B),(B),(B),(B),(B),(B),(B),(B),(B),(B),(B),(B),(B),(B),(B),(B),(B),(B),(B),(B),(B),(B)
"............Surveyors, Cartographers, and photogrammetrists",0,(B),(B),(B),(B),(B),(B),(B),(B),(B),(B),(B),(B),(B),(B),(B),(B),(B),(B),(B),(B),(B),(B),(B),(B),(B),(B),(B),(B),(B),(B),(B),(B),(B),(B),(B),(B),(B),(B),(B),(B),(B),(B),(B),(B),(B),(B),(B)
............Engineers,69,(B),(B),(B),(B),(B),(B),(B),(B),(B),(B),(B),(B),(B),(B),(B),(B),(B),(B),(B),(B),(B),(B),(B),(B),(B),(B),(B),(B),(B),(B),(B),(B),(B),(B),(B),(B),(B),(B),(B),(B),(B),(B),(B),(B),(B),(B),(B)
"............Drafters, Engineering technicians, and Surveying
 ............and mapping technicians",12,(B),(B),(B),(B),(B),(B),(B),(B),(B),(B),(B),(B),(B),(B),(B),(B),(B),(B),(B),(B),(B),(B),(B),(B),(B),(B),(B),(B),(B),(B),(B),(B),(B),(B),(B),(B),(B),(B),(B),(B),(B),(B),(B),(B),(B),(B),(B)
"........Life, physical, and social science occupations",132,0,0,0,0,3,0,6,0,2,0,9,2,6,0,2,0,3,0,0,0,15,0,3,2,17,0,0,2,3,0,6,0,10,0,0,0,2,0,0,0,38,"61,991","8,862","79,644","8,172",0.364,0.0354
............Astronomers and Physicists,0,(B),(B),(B),(B),(B),(B),(B),(B),(B),(B),(B),(B),(B),(B),(B),(B),(B),(B),(B),(B),(B),(B),(B),(B),(B),(B),(B),(B),(B),(B),(B),(B),(B),(B),(B),(B),(B),(B),(B),(B),(B),(B),(B),(B),(B),(B),(B)
............Economists,3,(B),(B),(B),(B),(B),(B),(B),(B),(B),(B),(B),(B),(B),(B),(B),(B),(B),(B),(B),(B),(B),(B),(B),(B),(B),(B),(B),(B),(B),(B),(B),(B),(B),(B),(B),(B),(B),(B),(B),(B),(B),(B),(B),(B),(B),(B),(B)
............Psychologists and Sociologists,9,(B),(B),(B),(B),(B),(B),(B),(B),(B),(B),(B),(B),(B),(B),(B),(B),(B),(B),(B),(B),(B),(B),(B),(B),(B),(B),(B),(B),(B),(B),(B),(B),(B),(B),(B),(B),(B),(B),(B),(B),(B),(B),(B),(B),(B),(B),(B)
............All other scientists,94,0,0,0,0,0,0,0,0,0,0,4,0,6,0,2,0,3,0,0,0,11,0,3,2,15,0,0,2,3,0,3,0,10,0,0,0,2,0,0,0,27,"68,948","11,122","86,779","10,516",0.327,0.0381
............Science technicians,26,(B),(B),(B),(B),(B),(B),(B),(B),(B),(B),(B),(B),(B),(B),(B),(B),(B),(B),(B),(B),(B),(B),(B),(B),(B),(B),(B),(B),(B),(B),(B),(B),(B),(B),(B),(B),(B),(B),(B),(B),(B),(B),(B),(B),(B),(B),(B)
........Community and social services occupations,55,(B),(B),(B),(B),(B),(B),(B),(B),(B),(B),(B),(B),(B),(B),(B),(B),(B),(B),(B),(B),(B),(B),(B),(B),(B),(B),(B),(B),(B),(B),(B),(B),(B),(B),(B),(B),(B),(B),(B),(B),(B),(B),(B),(B),(B),(B),(B)
........Legal occupations,66,(B),(B),(B),(B),(B),(B),(B),(B),(B),(B),(B),(B),(B),(B),(B),(B),(B),(B),(B),(B),(B),(B),(B),(B),(B),(B),(B),(B),(B),(B),(B),(B),(B),(B),(B),(B),(B),(B),(B),(B),(B),(B),(B),(B),(B),(B),(B)
"............Lawyers, Judges, and Magistrates",28,(B),(B),(B),(B),(B),(B),(B),(B),(B),(B),(B),(B),(B),(B),(B),(B),(B),(B),(B),(B),(B),(B),(B),(B),(B),(B),(B),(B),(B),(B),(B),(B),(B),(B),(B),(B),(B),(B),(B),(B),(B),(B),(B),(B),(B),(B),(B)
"............Paralegals, Legal assistants, and Legal support workers",39,(B),(B),(B),(B),(B),(B),(B),(B),(B),(B),(B),(B),(B),(B),(B),(B),(B),(B),(B),(B),(B),(B),(B),(B),(B),(B),(B),(B),(B),(B),(B),(B),(B),(B),(B),(B),(B),(B),(B),(B),(B),(B),(B),(B),(B),(B),(B)
........Education instruction and library occupations,367,20,11,7,11,12,7,13,15,23,9,11,5,17,3,12,8,12,14,9,4,13,4,11,0,22,2,5,4,23,0,12,1,7,2,3,2,6,0,6,2,17,"39,455","4,034","48,478","6,709",0.467,0.0685
............Postsecondary teachers,74,(B),(B),(B),(B),(B),(B),(B),(B),(B),(B),(B),(B),(B),(B),(B),(B),(B),(B),(B),(B),(B),(B),(B),(B),(B),(B),(B),(B),(B),(B),(B),(B),(B),(B),(B),(B),(B),(B),(B),(B),(B),(B),(B),(B),(B),(B),(B)
............All other teachers,201,10,7,2,4,6,2,7,7,13,6,6,0,4,0,5,8,6,7,7,2,10,1,11,0,12,2,2,4,19,0,6,0,5,2,0,2,3,0,4,0,2,"43,412","4,753","43,296","3,394",0.361,0.0343
"............Archivists, Curators, Museum technicians, Librarians,
 ............and Other technicians and assistants",91,5,4,5,5,6,2,1,7,7,3,4,5,4,0,2,0,6,3,0,2,2,3,0,0,2,0,2,0,4,0,2,0,2,0,0,0,0,0,0,0,0,"25,080","4,440","30,016","3,469",0.418,0.0414
"........Arts, design, entertainment, sports, and media occupations",120,17,0,10,3,1,0,1,0,2,0,2,5,2,0,2,2,2,1,3,2,14,3,12,0,2,0,2,0,0,0,9,0,0,0,3,0,0,0,2,0,15,"50,521","4,890","47,979","5,945",0.442,0.0528
........Healthcare practitioner and technical occupations,590,4,0,5,3,25,7,6,14,2,12,13,3,17,4,11,3,20,0,23,2,30,2,19,3,30,1,10,14,17,5,16,5,25,10,17,0,15,5,8,6,180,"72,017","4,163","90,096","5,877",0.425,0.0265
............Doctors,101,0,0,0,0,0,2,0,0,0,0,0,1,3,0,0,0,0,0,0,0,3,0,0,0,0,0,0,6,3,3,4,0,4,0,4,0,0,0,2,0,65,"121,376","34,708","168,493","18,718",0.387,0.028
............Nurses,287,1,0,0,0,14,2,1,7,2,7,3,2,4,2,2,0,14,0,9,2,11,0,14,3,19,1,7,7,11,1,10,5,17,6,9,0,13,0,6,4,70,"71,947","4,753","83,535","8,426",0.367,0.056
............All other health and technical occupations,203,3,0,5,3,11,3,5,7,0,5,11,0,9,2,10,3,6,0,14,0,16,2,5,0,11,0,3,0,2,0,2,0,4,4,4,0,2,5,0,2,45,"50,827","3,486","60,216","4,448",0.384,0.0256
Service occupations,"1,036",56,57,52,31,72,49,58,15,118,55,94,35,52,11,46,19,44,7,22,21,21,5,8,2,26,0,10,3,8,0,9,2,5,2,1,0,0,0,1,0,21,"22,987","1,022","28,657","1,907",0.446,0.0316
....Healthcare support occupations,273,5,2,10,4,20,5,13,7,36,15,20,12,17,9,6,4,29,1,2,6,8,3,1,0,11,0,8,0,2,0,5,0,2,2,1,0,0,0,0,0,8,"27,410","2,099","33,962","2,587",0.369,0.0289
....Protective service occupations,10,(B),(B),(B),(B),(B),(B),(B),(B),(B),(B),(B),(B),(B),(B),(B),(B),(B),(B),(B),(B),(B),(B),(B),(B),(B),(B),(B),(B),(B),(B),(B),(B),(B),(B),(B),(B),(B),(B),(B),(B),(B),(B),(B),(B),(B),(B),(B)
........Supervisors,3,(B),(B),(B),(B),(B),(B),(B),(B),(B),(B),(B),(B),(B),(B),(B),(B),(B),(B),(B),(B),(B),(B),(B),(B),(B),(B),(B),(B),(B),(B),(B),(B),(B),(B),(B),(B),(B),(B),(B),(B),(B),(B),(B),(B),(B),(B),(B)
........Firefighters and Police,0,(B),(B),(B),(B),(B),(B),(B),(B),(B),(B),(B),(B),(B),(B),(B),(B),(B),(B),(B),(B),(B),(B),(B),(B),(B),(B),(B),(B),(B),(B),(B),(B),(B),(B),(B),(B),(B),(B),(B),(B),(B),(B),(B),(B),(B),(B),(B)
........All other protective service occupations,7,(B),(B),(B),(B),(B),(B),(B),(B),(B),(B),(B),(B),(B),(B),(B),(B),(B),(B),(B),(B),(B),(B),(B),(B),(B),(B),(B),(B),(B),(B),(B),(B),(B),(B),(B),(B),(B),(B),(B),(B),(B),(B),(B),(B),(B),(B),(B)
....Food preparations and serving related occupations,300,31,32,13,12,21,13,21,2,36,17,22,6,11,0,19,5,0,0,5,5,5,1,1,1,4,0,0,3,4,0,0,2,0,0,0,0,0,0,0,0,4,"20,263","2,762","23,980","3,027",0.51,0.0552
........Supervisors,7,(B),(B),(B),(B),(B),(B),(B),(B),(B),(B),(B),(B),(B),(B),(B),(B),(B),(B),(B),(B),(B),(B),(B),(B),(B),(B),(B),(B),(B),(B),(B),(B),(B),(B),(B),(B),(B),(B),(B),(B),(B),(B),(B),(B),(B),(B),(B)
........Chefs and Cooks,77,11,5,0,3,3,2,5,2,9,7,8,2,3,0,2,3,0,0,3,0,2,1,1,0,1,0,0,0,0,0,0,2,0,0,0,0,0,0,0,0,2,"22,070","2,166","24,543","3,865",0.449,0.0608
........All other food preparation occupations,216,21,28,13,9,17,9,14,0,26,10,14,4,9,0,17,3,0,0,2,5,3,0,0,1,3,0,0,3,4,0,0,0,0,0,0,0,0,0,0,0,2,"17,172","4,162","24,072","3,985",0.532,0.0709
....Building and grounds cleaning and maintenance occupations,104,1,5,13,0,10,6,6,2,9,7,8,6,6,2,3,2,5,2,4,4,0,0,0,0,0,0,0,1,0,0,0,0,0,0,0,0,0,0,0,0,2,"22,304","2,217","33,887","13,966",0.545,0.177
........Supervisors,9,(B),(B),(B),(B),(B),(B),(B),(B),(B),(B),(B),(B),(B),(B),(B),(B),(B),(B),(B),(B),(B),(B),(B),(B),(B),(B),(B),(B),(B),(B),(B),(B),(B),(B),(B),(B),(B),(B),(B),(B),(B),(B),(B),(B),(B),(B),(B)
........All other maintenance occupations,94,1,5,13,0,8,6,6,2,9,7,8,3,3,2,3,2,2,2,4,4,0,0,0,0,0,0,0,1,0,0,0,0,0,0,0,0,0,0,0,0,2,"21,616","1,934","34,538","15,325",0.567,0.1809
....Personal care and service occupations,349,18,14,15,15,20,24,19,4,37,16,44,11,17,0,18,6,11,2,10,7,9,0,7,0,10,0,2,0,2,0,4,0,3,0,0,0,0,0,1,0,5,"23,911","1,819","26,572","1,659",0.394,0.0241
........Supervisors,21,(B),(B),(B),(B),(B),(B),(B),(B),(B),(B),(B),(B),(B),(B),(B),(B),(B),(B),(B),(B),(B),(B),(B),(B),(B),(B),(B),(B),(B),(B),(B),(B),(B),(B),(B),(B),(B),(B),(B),(B),(B),(B),(B),(B),(B),(B),(B)
........All other personal care and service occupations,329,18,14,15,15,20,23,19,4,37,16,41,11,15,0,18,6,10,2,3,7,9,0,7,0,9,0,2,0,2,0,4,0,3,0,0,0,0,0,1,0,1,"22,497","1,524","24,828","1,519",0.383,0.0219
Sales and office occupations,955,39,43,37,21,54,33,43,27,45,17,57,22,47,13,55,15,32,5,52,14,52,4,21,0,47,2,13,6,8,0,12,4,17,5,8,0,17,2,0,0,68,"32,121","2,356","41,564","2,241",0.464,0.0217
....Sales and related occupations,407,21,32,17,13,29,18,15,14,26,11,16,13,19,3,22,0,15,0,8,4,18,2,6,0,9,2,7,6,4,0,4,0,10,2,0,0,0,0,0,0,39,"26,142","2,697","41,245","4,576",0.548,0.0349
........Supervisors,90,0,7,4,0,1,0,0,0,2,0,10,2,9,0,5,0,9,0,2,0,2,0,3,0,1,2,3,1,2,0,3,0,6,0,0,0,0,0,0,0,15,"41,280","6,337","52,449","6,375",0.395,0.0405
........Cashiers,137,13,17,8,9,17,8,14,8,10,6,5,6,5,3,0,0,2,0,2,0,0,0,0,0,0,0,0,0,0,0,0,0,0,0,0,0,0,0,0,0,5,"14,035","2,357","25,111","7,794",0.622,0.1051
........Insurance sales agents,18,(B),(B),(B),(B),(B),(B),(B),(B),(B),(B),(B),(B),(B),(B),(B),(B),(B),(B),(B),(B),(B),(B),(B),(B),(B),(B),(B),(B),(B),(B),(B),(B),(B),(B),(B),(B),(B),(B),(B),(B),(B),(B),(B),(B),(B),(B),(B)
........Real estate brokers and sales agents,34,(B),(B),(B),(B),(B),(B),(B),(B),(B),(B),(B),(B),(B),(B),(B),(B),(B),(B),(B),(B),(B),(B),(B),(B),(B),(B),(B),(B),(B),(B),(B),(B),(B),(B),(B),(B),(B),(B),(B),(B),(B),(B),(B),(B),(B),(B),(B)
........All other sales and related occupations,129,6,9,4,4,8,11,0,6,10,5,2,5,3,0,12,0,4,0,3,3,8,0,3,0,5,0,0,4,2,0,1,0,1,2,0,0,0,0,0,0,7,"27,550","6,527","35,523","4,262",0.468,0.0428
....Office and administrative support occupations,548,19,10,19,8,25,15,28,13,18,6,40,10,28,10,33,14,17,5,43,10,34,3,15,0,38,0,6,0,4,0,8,4,7,3,8,0,17,2,0,0,28,"36,766","1,864","41,800","2,231",0.393,0.02
........Supervisors,26,(B),(B),(B),(B),(B),(B),(B),(B),(B),(B),(B),(B),(B),(B),(B),(B),(B),(B),(B),(B),(B),(B),(B),(B),(B),(B),(B),(B),(B),(B),(B),(B),(B),(B),(B),(B),(B),(B),(B),(B),(B),(B),(B),(B),(B),(B),(B)
........Postal workers,14,(B),(B),(B),(B),(B),(B),(B),(B),(B),(B),(B),(B),(B),(B),(B),(B),(B),(B),(B),(B),(B),(B),(B),(B),(B),(B),(B),(B),(B),(B),(B),(B),(B),(B),(B),(B),(B),(B),(B),(B),(B),(B),(B),(B),(B),(B),(B)
........All other office and administrative support occupations,508,18,10,19,8,25,15,24,13,18,6,40,10,28,10,28,8,16,5,43,10,28,3,13,0,30,0,2,0,4,0,8,4,4,3,5,0,17,2,0,0,28,"35,699","2,633","41,164","2,405",0.404,0.0209
"Natural resources, construction, and maintenance occupations",45,(B),(B),(B),(B),(B),(B),(B),(B),(B),(B),(B),(B),(B),(B),(B),(B),(B),(B),(B),(B),(B),(B),(B),(B),(B),(B),(B),(B),(B),(B),(B),(B),(B),(B),(B),(B),(B),(B),(B),(B),(B),(B),(B),(B),(B),(B),(B)
"....Farming, fishing and forestry occupations",8,(B),(B),(B),(B),(B),(B),(B),(B),(B),(B),(B),(B),(B),(B),(B),(B),(B),(B),(B),(B),(B),(B),(B),(B),(B),(B),(B),(B),(B),(B),(B),(B),(B),(B),(B),(B),(B),(B),(B),(B),(B),(B),(B),(B),(B),(B),(B)
........Supervisors,0,(B),(B),(B),(B),(B),(B),(B),(B),(B),(B),(B),(B),(B),(B),(B),(B),(B),(B),(B),(B),(B),(B),(B),(B),(B),(B),(B),(B),(B),(B),(B),(B),(B),(B),(B),(B),(B),(B),(B),(B),(B),(B),(B),(B),(B),(B),(B)
"........All other farming, fishing, and forestry occupations",8,(B),(B),(B),(B),(B),(B),(B),(B),(B),(B),(B),(B),(B),(B),(B),(B),(B),(B),(B),(B),(B),(B),(B),(B),(B),(B),(B),(B),(B),(B),(B),(B),(B),(B),(B),(B),(B),(B),(B),(B),(B),(B),(B),(B),(B),(B),(B)
....Construction and extraction occupations,23,(B),(B),(B),(B),(B),(B),(B),(B),(B),(B),(B),(B),(B),(B),(B),(B),(B),(B),(B),(B),(B),(B),(B),(B),(B),(B),(B),(B),(B),(B),(B),(B),(B),(B),(B),(B),(B),(B),(B),(B),(B),(B),(B),(B),(B),(B),(B)
.......Construction,23,(B),(B),(B),(B),(B),(B),(B),(B),(B),(B),(B),(B),(B),(B),(B),(B),(B),(B),(B),(B),(B),(B),(B),(B),(B),(B),(B),(B),(B),(B),(B),(B),(B),(B),(B),(B),(B),(B),(B),(B),(B),(B),(B),(B),(B),(B),(B)
............Supervisors,3,(B),(B),(B),(B),(B),(B),(B),(B),(B),(B),(B),(B),(B),(B),(B),(B),(B),(B),(B),(B),(B),(B),(B),(B),(B),(B),(B),(B),(B),(B),(B),(B),(B),(B),(B),(B),(B),(B),(B),(B),(B),(B),(B),(B),(B),(B),(B)
"............Brickmasons, blockmasons, and stonemasons",0,(B),(B),(B),(B),(B),(B),(B),(B),(B),(B),(B),(B),(B),(B),(B),(B),(B),(B),(B),(B),(B),(B),(B),(B),(B),(B),(B),(B),(B),(B),(B),(B),(B),(B),(B),(B),(B),(B),(B),(B),(B),(B),(B),(B),(B),(B),(B)
............Carpenters,10,(B),(B),(B),(B),(B),(B),(B),(B),(B),(B),(B),(B),(B),(B),(B),(B),(B),(B),(B),(B),(B),(B),(B),(B),(B),(B),(B),(B),(B),(B),(B),(B),(B),(B),(B),(B),(B),(B),(B),(B),(B),(B),(B),(B),(B),(B),(B)
............Electricians,2,(B),(B),(B),(B),(B),(B),(B),(B),(B),(B),(B),(B),(B),(B),(B),(B),(B),(B),(B),(B),(B),(B),(B),(B),(B),(B),(B),(B),(B),(B),(B),(B),(B),(B),(B),(B),(B),(B),(B),(B),(B),(B),(B),(B),(B),(B),(B)
............Painters and paperhangers,2,(B),(B),(B),(B),(B),(B),(B),(B),(B),(B),(B),(B),(B),(B),(B),(B),(B),(B),(B),(B),(B),(B),(B),(B),(B),(B),(B),(B),(B),(B),(B),(B),(B),(B),(B),(B),(B),(B),(B),(B),(B),(B),(B),(B),(B),(B),(B)
............Sheet metal workers,0,(B),(B),(B),(B),(B),(B),(B),(B),(B),(B),(B),(B),(B),(B),(B),(B),(B),(B),(B),(B),(B),(B),(B),(B),(B),(B),(B),(B),(B),(B),(B),(B),(B),(B),(B),(B),(B),(B),(B),(B),(B),(B),(B),(B),(B),(B),(B)
............Structural iron and steel workers,0,(B),(B),(B),(B),(B),(B),(B),(B),(B),(B),(B),(B),(B),(B),(B),(B),(B),(B),(B),(B),(B),(B),(B),(B),(B),(B),(B),(B),(B),(B),(B),(B),(B),(B),(B),(B),(B),(B),(B),(B),(B),(B),(B),(B),(B),(B),(B)
............All other construction trades,5,(B),(B),(B),(B),(B),(B),(B),(B),(B),(B),(B),(B),(B),(B),(B),(B),(B),(B),(B),(B),(B),(B),(B),(B),(B),(B),(B),(B),(B),(B),(B),(B),(B),(B),(B),(B),(B),(B),(B),(B),(B),(B),(B),(B),(B),(B),(B)
........Extraction workers,0,(B),(B),(B),(B),(B),(B),(B),(B),(B),(B),(B),(B),(B),(B),(B),(B),(B),(B),(B),(B),(B),(B),(B),(B),(B),(B),(B),(B),(B),(B),(B),(B),(B),(B),(B),(B),(B),(B),(B),(B),(B),(B),(B),(B),(B),(B),(B)
"....Installation, maintenance, and repair occupations",15,(B),(B),(B),(B),(B),(B),(B),(B),(B),(B),(B),(B),(B),(B),(B),(B),(B),(B),(B),(B),(B),(B),(B),(B),(B),(B),(B),(B),(B),(B),(B),(B),(B),(B),(B),(B),(B),(B),(B),(B),(B),(B),(B),(B),(B),(B),(B)
........Supervisors,0,(B),(B),(B),(B),(B),(B),(B),(B),(B),(B),(B),(B),(B),(B),(B),(B),(B),(B),(B),(B),(B),(B),(B),(B),(B),(B),(B),(B),(B),(B),(B),(B),(B),(B),(B),(B),(B),(B),(B),(B),(B),(B),(B),(B),(B),(B),(B)
........Aircraft mechanics and service,0,(B),(B),(B),(B),(B),(B),(B),(B),(B),(B),(B),(B),(B),(B),(B),(B),(B),(B),(B),(B),(B),(B),(B),(B),(B),(B),(B),(B),(B),(B),(B),(B),(B),(B),(B),(B),(B),(B),(B),(B),(B),(B),(B),(B),(B),(B),(B)
"........Auto, bus, truck, heavy equipment, mechanics",0,(B),(B),(B),(B),(B),(B),(B),(B),(B),(B),(B),(B),(B),(B),(B),(B),(B),(B),(B),(B),(B),(B),(B),(B),(B),(B),(B),(B),(B),(B),(B),(B),(B),(B),(B),(B),(B),(B),(B),(B),(B),(B),(B),(B),(B),(B),(B)
"........Heating, air conditioning, and refrigeration mechanics
 ........and installers",4,(B),(B),(B),(B),(B),(B),(B),(B),(B),(B),(B),(B),(B),(B),(B),(B),(B),(B),(B),(B),(B),(B),(B),(B),(B),(B),(B),(B),(B),(B),(B),(B),(B),(B),(B),(B),(B),(B),(B),(B),(B),(B),(B),(B),(B),(B),(B)
"........Electrical power-line and telecommunications line installers
 ........and repairers",0,(B),(B),(B),(B),(B),(B),(B),(B),(B),(B),(B),(B),(B),(B),(B),(B),(B),(B),(B),(B),(B),(B),(B),(B),(B),(B),(B),(B),(B),(B),(B),(B),(B),(B),(B),(B),(B),(B),(B),(B),(B),(B),(B),(B),(B),(B),(B)
........All other occupations,11,(B),(B),(B),(B),(B),(B),(B),(B),(B),(B),(B),(B),(B),(B),(B),(B),(B),(B),(B),(B),(B),(B),(B),(B),(B),(B),(B),(B),(B),(B),(B),(B),(B),(B),(B),(B),(B),(B),(B),(B),(B),(B),(B),(B),(B),(B),(B)
"Production, transportation, and material moving occupations",329,18,10,4,4,16,13,15,9,39,14,26,11,33,0,34,9,14,1,0,4,8,2,14,0,4,1,2,1,3,0,5,1,0,2,0,0,3,0,0,0,9,"27,129","2,040","33,954","3,776",0.425,0.0522
....Production occupations,205,13,8,0,4,7,13,12,6,21,11,18,4,14,0,23,6,3,1,0,3,8,2,8,0,0,1,2,0,1,0,1,1,0,2,0,0,3,0,0,0,9,"26,010","1,934","36,596","5,833",0.476,0.0649
........Supervisors,17,(B),(B),(B),(B),(B),(B),(B),(B),(B),(B),(B),(B),(B),(B),(B),(B),(B),(B),(B),(B),(B),(B),(B),(B),(B),(B),(B),(B),(B),(B),(B),(B),(B),(B),(B),(B),(B),(B),(B),(B),(B),(B),(B),(B),(B),(B),(B)
........All other occupations,187,13,8,0,4,6,13,12,4,21,9,16,4,14,0,19,6,3,1,0,3,6,1,8,0,0,1,2,0,1,0,1,1,0,2,0,0,3,0,0,0,9,"25,760","2,101","37,047","6,308",0.494,0.0651
....Transportation and material moving occupations,125,6,2,4,0,9,0,3,2,19,3,8,8,20,0,11,3,11,0,0,1,0,0,6,0,4,0,0,1,2,0,3,0,0,0,0,0,0,0,0,0,0,"29,716","2,348","29,610","2,459",0.313,0.0344
........Supervisors,1,(B),(B),(B),(B),(B),(B),(B),(B),(B),(B),(B),(B),(B),(B),(B),(B),(B),(B),(B),(B),(B),(B),(B),(B),(B),(B),(B),(B),(B),(B),(B),(B),(B),(B),(B),(B),(B),(B),(B),(B),(B),(B),(B),(B),(B),(B),(B)
........Aircraft pilots and flight engineers,2,(B),(B),(B),(B),(B),(B),(B),(B),(B),(B),(B),(B),(B),(B),(B),(B),(B),(B),(B),(B),(B),(B),(B),(B),(B),(B),(B),(B),(B),(B),(B),(B),(B),(B),(B),(B),(B),(B),(B),(B),(B),(B),(B),(B),(B),(B),(B)
........Air traffic controllers and airfield operation specialists,0,(B),(B),(B),(B),(B),(B),(B),(B),(B),(B),(B),(B),(B),(B),(B),(B),(B),(B),(B),(B),(B),(B),(B),(B),(B),(B),(B),(B),(B),(B),(B),(B),(B),(B),(B),(B),(B),(B),(B),(B),(B),(B),(B),(B),(B),(B),(B)
"........Auto, bus, truck, ambulance, taxi drivers",19,(B),(B),(B),(B),(B),(B),(B),(B),(B),(B),(B),(B),(B),(B),(B),(B),(B),(B),(B),(B),(B),(B),(B),(B),(B),(B),(B),(B),(B),(B),(B),(B),(B),(B),(B),(B),(B),(B),(B),(B),(B),(B),(B),(B),(B),(B),(B)
........Rail and subway workers,0,(B),(B),(B),(B),(B),(B),(B),(B),(B),(B),(B),(B),(B),(B),(B),(B),(B),(B),(B),(B),(B),(B),(B),(B),(B),(B),(B),(B),(B),(B),(B),(B),(B),(B),(B),(B),(B),(B),(B),(B),(B),(B),(B),(B),(B),(B),(B)
........Ship captains and engineers,0,(B),(B),(B),(B),(B),(B),(B),(B),(B),(B),(B),(B),(B),(B),(B),(B),(B),(B),(B),(B),(B),(B),(B),(B),(B),(B),(B),(B),(B),(B),(B),(B),(B),(B),(B),(B),(B),(B),(B),(B),(B),(B),(B),(B),(B),(B),(B)
........All other transportation occupations,103,6,0,0,0,7,0,3,0,19,1,8,6,20,0,11,2,9,0,0,1,0,0,4,0,4,0,0,1,2,0,3,0,0,0,0,0,0,0,0,0,0,"30,392","1,701","30,853","2,515",0.288,0.0355
Armed Forces,2,(B),(B),(B),(B),(B),(B),(B),(B),(B),(B),(B),(B),(B),(B),(B),(B),(B),(B),(B),(B),(B),(B),(B),(B),(B),(B),(B),(B),(B),(B),(B),(B),(B),(B),(B),(B),(B),(B),(B),(B),(B),(B),(B),(B),(B),(B),(B)
,,,,,,,,,,,,,,,,,,,,,,,,,,,,,,,,,,,,,,,,,,,,,,,,
Characteristic ,Total with Earnings,"$1 to $2,499 or loss","$2,500 to 4,999","$5,000 to $7,499","$7,500 to $9,999","$10,000 to $12,499","$12,500 to $14,999","$15,000 to $17,499","$17,500 to $19,999","$20,000 to $22,499","$22,500 to $24,999","$25,000 to $27,499","$27,500 to $29,999","$30,000 to $32,499","$32,500 to $34,999","$35,000 to $37,499","$37,500 to $39,999","$40,000 to $42,499","$42,500 to $44,999","$45,000 to $47,499","$47,500 to $49,999","$50,000 to $52,499","$53,500 to $54,999","$55,000 to $57,499","$57,500 to $59,999","$60,000 to $62,499","$62,500 to $64,999","$65,000 to $67,499","$67,500 to $69,999","$70,000 to $72,499","$72,500 to $74,999","$75,000 to $77,499","$77,500 to $79,999 ","$80,000 to $82,499","$82,500 to $84,999","$85,000 to $87,499","$87,500 to $89,999","$90,000 to $92,499","$92,500 to $94,999","$95,000 to $97,499","$97,500 to $99,999","$100,000 and over",Median Earnings (Value Dol.),Median Earnings (Standard Error Dol.),Mean Earnings (Value Dol.),Mean Earnings (Standard Error Dol.), Gini Ratio , Gini Ratio Standard Error
....Total,"13,319",562,537,545,429,719,382,689,475,"1,024",559,913,334,876,249,701,235,687,87,335,129,497,82,260,107,347,53,149,32,178,29,149,17,130,26,78,25,75,17,50,10,540,"27,021",241,"35,101",508,0.446,0.0058
"Management, science, and arts occupations","3,835",75,77,53,37,104,62,100,44,167,80,168,44,243,55,210,77,236,35,160,53,265,36,131,56,206,35,85,19,99,23,82,14,97,13,56,22,47,11,36,7,416,"45,809",747,"54,769","1,316",0.398,0.0101
"....Management, business, and financial operations occupations","1,468",12,20,12,5,23,15,31,19,59,17,47,27,71,13,97,36,109,12,67,9,125,21,46,31,65,13,29,5,39,3,30,5,49,9,24,7,6,6,19,2,233,"50,681",742,"61,936","2,268",0.381,0.0156
........Management occupations,916,10,8,12,5,12,8,17,9,40,13,24,24,47,9,65,23,60,2,30,4,68,9,29,28,33,9,19,3,28,1,20,3,29,4,15,4,2,4,8,2,174,"51,254",887,"65,426","3,245",0.401,0.0183
"............Chief Executives, General and Operations Managers",92,0,0,0,0,0,0,0,2,5,0,3,4,5,1,13,0,3,0,2,0,6,0,0,5,4,0,0,0,2,0,1,0,5,0,2,0,0,0,0,0,26,"57,980","9,860","80,235","10,970",0.4,0.0312
............Legislators,0,(B),(B),(B),(B),(B),(B),(B),(B),(B),(B),(B),(B),(B),(B),(B),(B),(B),(B),(B),(B),(B),(B),(B),(B),(B),(B),(B),(B),(B),(B),(B),(B),(B),(B),(B),(B),(B),(B),(B),(B),(B),(B),(B),(B),(B),(B),(B)
............All other Managers,823,10,8,12,5,12,8,17,7,35,13,21,20,42,8,53,23,56,2,28,4,62,9,29,22,28,9,19,3,26,1,19,3,24,4,13,4,2,4,8,2,148,"51,083",994,"63,764","3,421",0.398,0.0203
........Business and financial operations occupations,553,2,12,0,0,10,7,15,10,18,3,22,3,24,4,32,13,49,9,37,4,57,12,18,3,33,4,10,2,11,2,10,2,20,5,8,3,4,2,11,0,59,"49,891","3,557","56,153","2,915",0.336,0.0219
............Business Operations Specialists,326,2,12,0,0,5,4,9,4,14,3,19,2,3,4,14,7,34,3,26,2,30,10,12,0,23,0,6,2,7,2,4,2,10,0,4,0,2,2,3,0,38,"47,317","3,476","56,236","3,921",0.362,0.0307
............Financial Specialists,227,0,0,0,0,5,3,6,6,5,0,3,1,21,0,18,7,15,7,12,2,26,2,6,3,9,4,4,0,4,0,5,0,10,5,4,3,3,0,8,0,21,"50,366","3,348","56,033","3,655",0.296,0.0244
....Professional and related occupations,"2,367",63,57,41,31,81,47,69,25,109,63,122,17,171,42,113,41,128,23,93,44,140,14,85,25,141,23,56,14,60,20,52,9,47,4,32,15,41,5,17,5,183,"41,810",977,"50,323","1,605",0.404,0.0137
........Computer and mathematical occupations,102,2,0,0,0,2,0,0,1,3,1,2,0,0,0,3,0,8,3,2,3,1,0,4,1,8,0,2,0,3,2,2,3,7,0,2,0,2,0,3,0,32,"74,711","10,760","74,932","6,159",0.275,0.0278
"............Computer scientists, analysts, programmers, engineers,
 ............and administrators",92,2,0,0,0,2,0,0,1,3,1,2,0,0,0,3,0,4,3,2,3,1,0,4,1,8,0,2,0,3,2,2,3,7,0,0,0,2,0,3,0,27,"72,322","10,826","72,930","6,337",0.271,0.0297
............Actuaries,2,(B),(B),(B),(B),(B),(B),(B),(B),(B),(B),(B),(B),(B),(B),(B),(B),(B),(B),(B),(B),(B),(B),(B),(B),(B),(B),(B),(B),(B),(B),(B),(B),(B),(B),(B),(B),(B),(B),(B),(B),(B),(B),(B),(B),(B),(B),(B)
"............Mathematicians, statisticians, operations research
 ............and other math occupations",8,(B),(B),(B),(B),(B),(B),(B),(B),(B),(B),(B),(B),(B),(B),(B),(B),(B),(B),(B),(B),(B),(B),(B),(B),(B),(B),(B),(B),(B),(B),(B),(B),(B),(B),(B),(B),(B),(B),(B),(B),(B),(B),(B),(B),(B),(B),(B)
........Architecture and engineering occupations,62,(B),(B),(B),(B),(B),(B),(B),(B),(B),(B),(B),(B),(B),(B),(B),(B),(B),(B),(B),(B),(B),(B),(B),(B),(B),(B),(B),(B),(B),(B),(B),(B),(B),(B),(B),(B),(B),(B),(B),(B),(B),(B),(B),(B),(B),(B),(B)
"............Architects, except naval",4,(B),(B),(B),(B),(B),(B),(B),(B),(B),(B),(B),(B),(B),(B),(B),(B),(B),(B),(B),(B),(B),(B),(B),(B),(B),(B),(B),(B),(B),(B),(B),(B),(B),(B),(B),(B),(B),(B),(B),(B),(B),(B),(B),(B),(B),(B),(B)
"............Surveyors, Cartographers, and photogrammetrists",0,(B),(B),(B),(B),(B),(B),(B),(B),(B),(B),(B),(B),(B),(B),(B),(B),(B),(B),(B),(B),(B),(B),(B),(B),(B),(B),(B),(B),(B),(B),(B),(B),(B),(B),(B),(B),(B),(B),(B),(B),(B),(B),(B),(B),(B),(B),(B)
............Engineers,37,(B),(B),(B),(B),(B),(B),(B),(B),(B),(B),(B),(B),(B),(B),(B),(B),(B),(B),(B),(B),(B),(B),(B),(B),(B),(B),(B),(B),(B),(B),(B),(B),(B),(B),(B),(B),(B),(B),(B),(B),(B),(B),(B),(B),(B),(B),(B)
"............Drafters, Engineering technicians, and Surveying
 ............and mapping technicians",21,(B),(B),(B),(B),(B),(B),(B),(B),(B),(B),(B),(B),(B),(B),(B),(B),(B),(B),(B),(B),(B),(B),(B),(B),(B),(B),(B),(B),(B),(B),(B),(B),(B),(B),(B),(B),(B),(B),(B),(B),(B),(B),(B),(B),(B),(B),(B)
"........Life, physical, and social science occupations",90,0,5,0,0,4,3,0,5,3,0,7,0,2,0,5,0,3,2,4,4,1,0,3,0,11,2,0,2,2,3,4,0,3,0,0,0,4,2,0,0,8,"49,072","9,930","55,262","7,090",0.377,0.0535
............Astronomers and Physicists,0,(B),(B),(B),(B),(B),(B),(B),(B),(B),(B),(B),(B),(B),(B),(B),(B),(B),(B),(B),(B),(B),(B),(B),(B),(B),(B),(B),(B),(B),(B),(B),(B),(B),(B),(B),(B),(B),(B),(B),(B),(B),(B),(B),(B),(B),(B),(B)
............Economists,1,(B),(B),(B),(B),(B),(B),(B),(B),(B),(B),(B),(B),(B),(B),(B),(B),(B),(B),(B),(B),(B),(B),(B),(B),(B),(B),(B),(B),(B),(B),(B),(B),(B),(B),(B),(B),(B),(B),(B),(B),(B),(B),(B),(B),(B),(B),(B)
............Psychologists and Sociologists,9,(B),(B),(B),(B),(B),(B),(B),(B),(B),(B),(B),(B),(B),(B),(B),(B),(B),(B),(B),(B),(B),(B),(B),(B),(B),(B),(B),(B),(B),(B),(B),(B),(B),(B),(B),(B),(B),(B),(B),(B),(B),(B),(B),(B),(B),(B),(B)
............All other scientists,32,(B),(B),(B),(B),(B),(B),(B),(B),(B),(B),(B),(B),(B),(B),(B),(B),(B),(B),(B),(B),(B),(B),(B),(B),(B),(B),(B),(B),(B),(B),(B),(B),(B),(B),(B),(B),(B),(B),(B),(B),(B),(B),(B),(B),(B),(B),(B)
............Science technicians,48,(B),(B),(B),(B),(B),(B),(B),(B),(B),(B),(B),(B),(B),(B),(B),(B),(B),(B),(B),(B),(B),(B),(B),(B),(B),(B),(B),(B),(B),(B),(B),(B),(B),(B),(B),(B),(B),(B),(B),(B),(B),(B),(B),(B),(B),(B),(B)
........Community and social services occupations,239,0,8,0,2,1,2,0,1,17,2,11,0,24,13,21,8,20,2,16,6,14,0,6,3,20,0,3,5,4,5,2,2,6,0,6,1,0,0,1,0,6,"41,072","2,093","45,514","2,430",0.276,0.0217
........Legal occupations,125,0,0,10,0,0,0,2,2,1,2,7,0,10,0,6,0,7,0,0,2,3,3,7,0,0,4,7,0,8,0,2,0,10,0,0,0,2,0,0,0,31,"63,023","9,866","71,829","8,891",0.4,0.0433
"............Lawyers, Judges, and Magistrates",55,(B),(B),(B),(B),(B),(B),(B),(B),(B),(B),(B),(B),(B),(B),(B),(B),(B),(B),(B),(B),(B),(B),(B),(B),(B),(B),(B),(B),(B),(B),(B),(B),(B),(B),(B),(B),(B),(B),(B),(B),(B),(B),(B),(B),(B),(B),(B)
"............Paralegals, Legal assistants, and Legal support workers",71,(B),(B),(B),(B),(B),(B),(B),(B),(B),(B),(B),(B),(B),(B),(B),(B),(B),(B),(B),(B),(B),(B),(B),(B),(B),(B),(B),(B),(B),(B),(B),(B),(B),(B),(B),(B),(B),(B),(B),(B),(B),(B),(B),(B),(B),(B),(B)
........Education instruction and library occupations,870,39,32,24,14,43,30,46,12,48,27,40,10,66,11,39,18,42,8,29,18,52,5,23,14,60,5,15,6,11,4,18,2,6,1,10,8,14,1,8,3,10,"33,641","2,888","37,819","1,412",0.387,0.0168
............Postsecondary teachers,46,(B),(B),(B),(B),(B),(B),(B),(B),(B),(B),(B),(B),(B),(B),(B),(B),(B),(B),(B),(B),(B),(B),(B),(B),(B),(B),(B),(B),(B),(B),(B),(B),(B),(B),(B),(B),(B),(B),(B),(B),(B),(B),(B),(B),(B),(B),(B)
............All other teachers,603,22,25,12,7,23,21,17,6,17,14,27,6,49,5,23,16,35,7,25,14,45,5,21,14,48,5,12,6,6,4,18,2,6,1,6,6,11,0,6,2,9,"40,844","1,772","42,095","1,777",0.356,0.0219
"............Archivists, Curators, Museum technicians, Librarians,
 ............and Other technicians and assistants",221,16,8,11,6,20,9,29,5,29,11,13,4,15,2,12,0,5,2,4,2,0,0,2,0,10,0,0,0,4,0,0,0,0,0,0,0,0,0,0,0,0,"20,543","1,940","22,226","1,798",0.387,0.027
"........Arts, design, entertainment, sports, and media occupations",186,16,3,7,8,14,0,7,4,15,8,9,0,13,2,4,0,9,0,8,0,10,5,5,3,7,2,0,0,1,0,3,0,0,0,3,2,0,0,0,2,15,"30,336","4,928","39,140","4,118",0.472,0.0289
........Healthcare practitioner and technical occupations,693,6,8,0,5,11,13,14,0,20,23,41,5,54,14,32,7,38,8,34,11,60,2,35,4,36,7,21,1,29,6,19,2,15,3,8,4,18,2,6,0,71,"50,050","2,478","61,654","4,208",0.405,0.0287
............Doctors,51,(B),(B),(B),(B),(B),(B),(B),(B),(B),(B),(B),(B),(B),(B),(B),(B),(B),(B),(B),(B),(B),(B),(B),(B),(B),(B),(B),(B),(B),(B),(B),(B),(B),(B),(B),(B),(B),(B),(B),(B),(B),(B),(B),(B),(B),(B),(B)
............Nurses,310,3,0,0,3,6,5,2,0,8,9,10,0,26,0,12,6,23,6,15,2,33,0,12,2,13,5,10,0,14,4,13,2,6,3,7,4,3,2,2,0,40,"51,536","1,553","61,938","4,184",0.345,0.0394
............All other health and technical occupations,332,4,4,0,2,5,7,12,0,11,15,29,4,28,14,20,0,14,2,19,9,24,2,19,2,22,2,11,1,8,2,6,0,4,0,0,0,11,0,4,0,11,"41,550","4,591","45,492","2,468",0.312,0.0205
Service occupations,"4,140",253,228,257,188,356,198,288,207,453,209,335,110,209,89,179,65,170,10,59,19,46,8,35,26,27,1,9,9,6,4,18,3,7,0,4,1,8,0,5,2,40,"20,526",301,"22,841",583,0.41,0.0113
....Healthcare support occupations,"1,022",22,30,41,39,73,45,53,57,101,48,114,44,85,26,68,24,50,0,21,10,14,0,9,8,7,0,3,6,0,4,5,0,2,0,2,0,6,0,2,0,4,"25,022","1,029","25,856",820,0.328,0.0133
....Protective service occupations,125,3,2,2,4,4,7,1,7,0,0,3,0,5,10,9,4,8,5,3,0,5,2,0,2,2,1,2,0,2,0,5,0,2,0,0,1,2,0,0,0,20,"40,401","3,484","49,676","4,742",0.394,0.0258
........Supervisors,18,(B),(B),(B),(B),(B),(B),(B),(B),(B),(B),(B),(B),(B),(B),(B),(B),(B),(B),(B),(B),(B),(B),(B),(B),(B),(B),(B),(B),(B),(B),(B),(B),(B),(B),(B),(B),(B),(B),(B),(B),(B),(B),(B),(B),(B),(B),(B)
........Firefighters and Police,21,(B),(B),(B),(B),(B),(B),(B),(B),(B),(B),(B),(B),(B),(B),(B),(B),(B),(B),(B),(B),(B),(B),(B),(B),(B),(B),(B),(B),(B),(B),(B),(B),(B),(B),(B),(B),(B),(B),(B),(B),(B),(B),(B),(B),(B),(B),(B)
........All other protective service occupations,86,3,2,2,4,4,7,1,7,0,0,3,0,2,7,9,1,4,2,0,0,2,2,0,2,0,0,0,0,0,0,5,0,0,0,0,1,2,0,0,0,11,"34,876","1,906","42,263","5,343",0.433,0.0326
....Food preparations and serving related occupations,"1,236",106,90,82,66,98,74,100,54,129,68,102,17,48,24,33,21,43,1,25,2,16,5,9,2,7,0,0,3,0,0,0,3,0,0,2,0,0,0,0,0,6,"17,634","1,064","20,292","1,119",0.426,0.0257
........Supervisors,63,(B),(B),(B),(B),(B),(B),(B),(B),(B),(B),(B),(B),(B),(B),(B),(B),(B),(B),(B),(B),(B),(B),(B),(B),(B),(B),(B),(B),(B),(B),(B),(B),(B),(B),(B),(B),(B),(B),(B),(B),(B),(B),(B),(B),(B),(B),(B)
........Chefs and Cooks,346,26,26,13,27,30,27,29,19,26,41,17,0,16,2,7,0,19,0,8,0,4,0,3,2,2,0,0,0,0,0,0,0,0,0,0,0,0,0,0,0,3,"17,094","1,505","21,726","3,219",0.455,0.0734
........All other food preparation occupations,827,77,59,69,39,63,40,67,31,101,26,75,17,27,22,25,21,22,1,11,2,12,5,6,0,0,0,0,3,0,0,0,3,0,0,2,0,0,0,0,0,3,"17,503","1,412","19,331",913,0.415,0.0178
....Building and grounds cleaning and maintenance occupations,"1,130",46,86,89,56,124,42,96,72,157,68,64,35,46,18,35,12,35,4,6,5,7,0,7,7,5,0,0,0,3,0,0,0,0,0,0,0,0,0,0,0,4,"18,382",832,"19,829",958,0.389,0.0252
........Supervisors,32,(B),(B),(B),(B),(B),(B),(B),(B),(B),(B),(B),(B),(B),(B),(B),(B),(B),(B),(B),(B),(B),(B),(B),(B),(B),(B),(B),(B),(B),(B),(B),(B),(B),(B),(B),(B),(B),(B),(B),(B),(B),(B),(B),(B),(B),(B),(B)
........All other maintenance occupations,"1,098",46,86,89,56,123,37,96,72,156,68,64,34,45,14,35,7,29,2,6,5,7,0,7,2,5,0,0,0,3,0,0,0,0,0,0,0,0,0,0,0,4,"18,036",819,"19,386",975,0.389,0.0265
....Personal care and service occupations,627,76,20,43,23,56,31,38,16,65,25,53,14,25,10,34,4,34,0,3,2,4,1,10,6,6,0,5,0,1,0,8,0,3,0,0,0,0,0,3,2,7,"20,419","1,053","23,009","1,424",0.455,0.0214
........Supervisors,23,(B),(B),(B),(B),(B),(B),(B),(B),(B),(B),(B),(B),(B),(B),(B),(B),(B),(B),(B),(B),(B),(B),(B),(B),(B),(B),(B),(B),(B),(B),(B),(B),(B),(B),(B),(B),(B),(B),(B),(B),(B),(B),(B),(B),(B),(B),(B)
........All other personal care and service occupations,603,76,20,43,23,56,26,36,16,65,25,47,14,25,8,34,4,31,0,3,2,4,1,10,6,6,0,5,0,0,0,8,0,3,0,0,0,0,0,3,2,3,"20,247","1,371","22,124","1,292",0.447,0.0193
Sales and office occupations,"3,683",185,162,165,138,168,91,180,153,248,148,239,110,299,80,220,62,193,36,99,39,141,28,71,19,90,13,42,2,65,2,43,0,22,9,15,0,18,7,8,0,72,"27,126",553,"32,058",781,0.423,0.0113
....Sales and related occupations,"1,480",118,96,67,89,85,42,95,83,110,62,96,40,82,10,61,13,66,8,18,13,46,11,19,4,28,2,14,0,9,0,16,0,10,3,0,0,8,3,5,0,48,"21,499",655,"29,340","1,547",0.503,0.0217
........Supervisors,312,2,8,5,7,15,1,10,11,16,8,18,16,36,0,20,6,35,0,6,2,9,10,12,0,13,0,6,0,9,0,9,0,1,0,0,0,3,0,2,0,15,"35,369","3,803","43,294","4,515",0.395,0.0478
........Cashiers,596,65,74,42,57,43,13,52,51,43,29,47,6,27,4,12,3,7,0,4,5,9,0,2,2,0,0,0,0,0,0,0,0,0,0,0,0,0,0,1,0,0,"15,214","2,193","15,559",736,0.426,0.0197
........Insurance sales agents,41,(B),(B),(B),(B),(B),(B),(B),(B),(B),(B),(B),(B),(B),(B),(B),(B),(B),(B),(B),(B),(B),(B),(B),(B),(B),(B),(B),(B),(B),(B),(B),(B),(B),(B),(B),(B),(B),(B),(B),(B),(B),(B),(B),(B),(B),(B),(B)
........Real estate brokers and sales agents,89,0,0,0,0,2,1,3,0,11,0,0,0,3,0,2,0,4,0,6,0,12,1,0,0,11,2,2,0,0,0,4,0,8,0,0,0,2,0,0,0,14,"54,199","9,213","74,953","13,702",0.431,0.0865
........All other sales and related occupations,442,51,12,21,25,25,27,24,19,38,22,31,19,10,6,25,1,17,8,2,6,12,0,3,0,3,0,6,0,0,0,3,0,1,3,0,0,3,0,2,0,19,"21,246","1,146","28,195","2,335",0.504,0.03
....Office and administrative support occupations,"2,203",68,66,98,49,84,49,85,70,138,86,143,70,218,70,159,50,126,28,81,26,95,17,51,15,62,11,28,2,55,2,27,0,12,6,15,0,10,3,4,0,24,"31,104",379,"33,883",762,0.364,0.0116
........Supervisors,154,2,0,4,0,0,0,2,0,12,5,11,4,6,6,12,5,4,7,5,2,22,3,1,2,2,2,2,2,7,2,2,0,6,3,6,0,4,0,0,0,2,"44,430","4,424","47,260","3,049",0.287,0.0262
........Postal workers,26,(B),(B),(B),(B),(B),(B),(B),(B),(B),(B),(B),(B),(B),(B),(B),(B),(B),(B),(B),(B),(B),(B),(B),(B),(B),(B),(B),(B),(B),(B),(B),(B),(B),(B),(B),(B),(B),(B),(B),(B),(B),(B),(B),(B),(B),(B),(B)
........All other office and administrative support occupations,"2,023",66,66,93,49,84,49,82,70,126,82,131,66,209,65,147,45,119,21,75,24,68,12,48,13,57,9,24,0,45,0,24,0,6,3,10,0,6,3,4,0,22,"30,579",387,"32,651",751,0.368,0.0127
"Natural resources, construction, and maintenance occupations",349,15,23,17,26,14,10,34,12,35,25,28,11,19,5,10,4,21,0,2,4,10,3,2,3,5,4,2,1,0,0,0,0,2,0,0,0,0,0,0,0,2,"21,659","1,029","23,567","1,422",0.382,0.0203
"....Farming, fishing and forestry occupations",205,13,17,10,25,12,3,24,10,25,10,21,9,11,1,3,2,7,0,1,0,0,0,2,0,0,0,0,0,0,0,0,0,0,0,0,0,0,0,0,0,0,"17,298","1,736","17,378","1,208",0.352,0.0247
........Supervisors,4,(B),(B),(B),(B),(B),(B),(B),(B),(B),(B),(B),(B),(B),(B),(B),(B),(B),(B),(B),(B),(B),(B),(B),(B),(B),(B),(B),(B),(B),(B),(B),(B),(B),(B),(B),(B),(B),(B),(B),(B),(B),(B),(B),(B),(B),(B),(B)
"........All other farming, fishing, and forestry occupations",202,13,17,10,25,12,3,24,10,25,10,21,9,7,1,3,2,7,0,1,0,0,0,2,0,0,0,0,0,0,0,0,0,0,0,0,0,0,0,0,0,0,"17,100","1,482","17,140","1,241",0.354,0.0252
....Construction and extraction occupations,113,0,6,5,1,0,7,7,2,10,8,8,2,6,3,6,2,15,0,1,2,7,3,0,3,2,2,0,1,0,0,0,0,0,0,0,0,0,0,0,0,2,"29,411","4,281","31,386","2,409",0.317,0.0346
.......Construction,113,0,6,5,1,0,7,7,2,10,8,8,2,6,3,6,2,15,0,1,2,7,3,0,3,2,2,0,1,0,0,0,0,0,0,0,0,0,0,0,0,2,"29,411","4,281","31,386","2,409",0.317,0.0346
............Supervisors,0,(B),(B),(B),(B),(B),(B),(B),(B),(B),(B),(B),(B),(B),(B),(B),(B),(B),(B),(B),(B),(B),(B),(B),(B),(B),(B),(B),(B),(B),(B),(B),(B),(B),(B),(B),(B),(B),(B),(B),(B),(B),(B),(B),(B),(B),(B),(B)
"............Brickmasons, blockmasons, and stonemasons",0,(B),(B),(B),(B),(B),(B),(B),(B),(B),(B),(B),(B),(B),(B),(B),(B),(B),(B),(B),(B),(B),(B),(B),(B),(B),(B),(B),(B),(B),(B),(B),(B),(B),(B),(B),(B),(B),(B),(B),(B),(B),(B),(B),(B),(B),(B),(B)
............Carpenters,16,(B),(B),(B),(B),(B),(B),(B),(B),(B),(B),(B),(B),(B),(B),(B),(B),(B),(B),(B),(B),(B),(B),(B),(B),(B),(B),(B),(B),(B),(B),(B),(B),(B),(B),(B),(B),(B),(B),(B),(B),(B),(B),(B),(B),(B),(B),(B)
............Electricians,13,(B),(B),(B),(B),(B),(B),(B),(B),(B),(B),(B),(B),(B),(B),(B),(B),(B),(B),(B),(B),(B),(B),(B),(B),(B),(B),(B),(B),(B),(B),(B),(B),(B),(B),(B),(B),(B),(B),(B),(B),(B),(B),(B),(B),(B),(B),(B)
............Painters and paperhangers,19,(B),(B),(B),(B),(B),(B),(B),(B),(B),(B),(B),(B),(B),(B),(B),(B),(B),(B),(B),(B),(B),(B),(B),(B),(B),(B),(B),(B),(B),(B),(B),(B),(B),(B),(B),(B),(B),(B),(B),(B),(B),(B),(B),(B),(B),(B),(B)
............Sheet metal workers,6,(B),(B),(B),(B),(B),(B),(B),(B),(B),(B),(B),(B),(B),(B),(B),(B),(B),(B),(B),(B),(B),(B),(B),(B),(B),(B),(B),(B),(B),(B),(B),(B),(B),(B),(B),(B),(B),(B),(B),(B),(B),(B),(B),(B),(B),(B),(B)
............Structural iron and steel workers,0,(B),(B),(B),(B),(B),(B),(B),(B),(B),(B),(B),(B),(B),(B),(B),(B),(B),(B),(B),(B),(B),(B),(B),(B),(B),(B),(B),(B),(B),(B),(B),(B),(B),(B),(B),(B),(B),(B),(B),(B),(B),(B),(B),(B),(B),(B),(B)
............All other construction trades,59,(B),(B),(B),(B),(B),(B),(B),(B),(B),(B),(B),(B),(B),(B),(B),(B),(B),(B),(B),(B),(B),(B),(B),(B),(B),(B),(B),(B),(B),(B),(B),(B),(B),(B),(B),(B),(B),(B),(B),(B),(B),(B),(B),(B),(B),(B),(B)
........Extraction workers,0,(B),(B),(B),(B),(B),(B),(B),(B),(B),(B),(B),(B),(B),(B),(B),(B),(B),(B),(B),(B),(B),(B),(B),(B),(B),(B),(B),(B),(B),(B),(B),(B),(B),(B),(B),(B),(B),(B),(B),(B),(B),(B),(B),(B),(B),(B),(B)
"....Installation, maintenance, and repair occupations",31,(B),(B),(B),(B),(B),(B),(B),(B),(B),(B),(B),(B),(B),(B),(B),(B),(B),(B),(B),(B),(B),(B),(B),(B),(B),(B),(B),(B),(B),(B),(B),(B),(B),(B),(B),(B),(B),(B),(B),(B),(B),(B),(B),(B),(B),(B),(B)
........Supervisors,0,(B),(B),(B),(B),(B),(B),(B),(B),(B),(B),(B),(B),(B),(B),(B),(B),(B),(B),(B),(B),(B),(B),(B),(B),(B),(B),(B),(B),(B),(B),(B),(B),(B),(B),(B),(B),(B),(B),(B),(B),(B),(B),(B),(B),(B),(B),(B)
........Aircraft mechanics and service,0,(B),(B),(B),(B),(B),(B),(B),(B),(B),(B),(B),(B),(B),(B),(B),(B),(B),(B),(B),(B),(B),(B),(B),(B),(B),(B),(B),(B),(B),(B),(B),(B),(B),(B),(B),(B),(B),(B),(B),(B),(B),(B),(B),(B),(B),(B),(B)
"........Auto, bus, truck, heavy equipment, mechanics",7,(B),(B),(B),(B),(B),(B),(B),(B),(B),(B),(B),(B),(B),(B),(B),(B),(B),(B),(B),(B),(B),(B),(B),(B),(B),(B),(B),(B),(B),(B),(B),(B),(B),(B),(B),(B),(B),(B),(B),(B),(B),(B),(B),(B),(B),(B),(B)
"........Heating, air conditioning, and refrigeration mechanics
 ........and installers",2,(B),(B),(B),(B),(B),(B),(B),(B),(B),(B),(B),(B),(B),(B),(B),(B),(B),(B),(B),(B),(B),(B),(B),(B),(B),(B),(B),(B),(B),(B),(B),(B),(B),(B),(B),(B),(B),(B),(B),(B),(B),(B),(B),(B),(B),(B),(B)
"........Electrical power-line and telecommunications line installers
 ........and repairers",0,(B),(B),(B),(B),(B),(B),(B),(B),(B),(B),(B),(B),(B),(B),(B),(B),(B),(B),(B),(B),(B),(B),(B),(B),(B),(B),(B),(B),(B),(B),(B),(B),(B),(B),(B),(B),(B),(B),(B),(B),(B),(B),(B),(B),(B),(B),(B)
........All other occupations,22,(B),(B),(B),(B),(B),(B),(B),(B),(B),(B),(B),(B),(B),(B),(B),(B),(B),(B),(B),(B),(B),(B),(B),(B),(B),(B),(B),(B),(B),(B),(B),(B),(B),(B),(B),(B),(B),(B),(B),(B),(B),(B),(B),(B),(B),(B),(B)
"Production, transportation, and material moving occupations","1,286",31,48,53,40,77,23,86,60,121,97,140,55,104,15,83,27,66,7,14,14,32,7,21,3,15,0,10,2,5,0,6,0,3,4,3,1,2,0,2,0,9,"25,140",557,"27,697","1,135",0.355,0.022
....Production occupations,650,15,22,24,28,18,15,31,27,72,58,62,24,74,10,41,11,33,7,11,11,16,7,13,3,3,0,6,0,2,0,0,0,3,0,0,0,0,0,0,0,4,"25,607",771,"27,061",972,0.311,0.0154
........Supervisors,25,(B),(B),(B),(B),(B),(B),(B),(B),(B),(B),(B),(B),(B),(B),(B),(B),(B),(B),(B),(B),(B),(B),(B),(B),(B),(B),(B),(B),(B),(B),(B),(B),(B),(B),(B),(B),(B),(B),(B),(B),(B),(B),(B),(B),(B),(B),(B)
........All other occupations,625,15,22,24,28,17,15,31,27,67,58,58,22,72,8,41,11,33,7,9,11,14,7,13,3,3,0,6,0,0,0,0,0,0,0,0,0,0,0,0,0,4,"25,366",796,"26,570",943,0.309,0.0157
....Transportation and material moving occupations,636,15,26,29,12,59,7,55,33,49,39,78,31,30,5,43,16,33,0,3,3,16,0,8,0,13,0,5,2,2,0,6,0,0,4,3,1,2,0,2,0,6,"24,536","1,131","28,349","2,199",0.396,0.0412
........Supervisors,4,(B),(B),(B),(B),(B),(B),(B),(B),(B),(B),(B),(B),(B),(B),(B),(B),(B),(B),(B),(B),(B),(B),(B),(B),(B),(B),(B),(B),(B),(B),(B),(B),(B),(B),(B),(B),(B),(B),(B),(B),(B),(B),(B),(B),(B),(B),(B)
........Aircraft pilots and flight engineers,4,(B),(B),(B),(B),(B),(B),(B),(B),(B),(B),(B),(B),(B),(B),(B),(B),(B),(B),(B),(B),(B),(B),(B),(B),(B),(B),(B),(B),(B),(B),(B),(B),(B),(B),(B),(B),(B),(B),(B),(B),(B),(B),(B),(B),(B),(B),(B)
........Air traffic controllers and airfield operation specialists,0,(B),(B),(B),(B),(B),(B),(B),(B),(B),(B),(B),(B),(B),(B),(B),(B),(B),(B),(B),(B),(B),(B),(B),(B),(B),(B),(B),(B),(B),(B),(B),(B),(B),(B),(B),(B),(B),(B),(B),(B),(B),(B),(B),(B),(B),(B),(B)
"........Auto, bus, truck, ambulance, taxi drivers",138,5,8,4,0,13,0,8,6,11,9,10,8,3,2,6,5,5,0,0,2,10,0,2,0,8,0,2,0,2,0,0,0,0,0,0,0,2,0,2,0,2,"25,798","1,977","38,199","8,958",0.508,0.1014
........Rail and subway workers,5,(B),(B),(B),(B),(B),(B),(B),(B),(B),(B),(B),(B),(B),(B),(B),(B),(B),(B),(B),(B),(B),(B),(B),(B),(B),(B),(B),(B),(B),(B),(B),(B),(B),(B),(B),(B),(B),(B),(B),(B),(B),(B),(B),(B),(B),(B),(B)
........Ship captains and engineers,0,(B),(B),(B),(B),(B),(B),(B),(B),(B),(B),(B),(B),(B),(B),(B),(B),(B),(B),(B),(B),(B),(B),(B),(B),(B),(B),(B),(B),(B),(B),(B),(B),(B),(B),(B),(B),(B),(B),(B),(B),(B),(B),(B),(B),(B),(B),(B)
........All other transportation occupations,485,10,16,25,12,46,7,47,27,38,30,68,23,27,2,33,11,25,0,3,1,6,0,6,0,4,0,3,2,0,0,2,0,0,4,3,0,0,0,0,0,4,"23,730","1,461","25,033","1,239",0.338,0.0205
Armed Forces,25,(B),(B),(B),(B),(B),(B),(B),(B),(B),(B),(B),(B),(B),(B),(B),(B),(B),(B),(B),(B),(B),(B),(B),(B),(B),(B),(B),(B),(B),(B),(B),(B),(B),(B),(B),(B),(B),(B),(B),(B),(B),(B),(B),(B),(B),(B),(B)
,,,,,,,,,,,,,,,,,,,,,,,,,,,,,,,,,,,,,,,,,,,,,,,,
Characteristic ,Total with Earnings,"$1 to $2,499 or loss","$2,500 to 4,999","$5,000 to $7,499","$7,500 to $9,999","$10,000 to $12,499","$12,500 to $14,999","$15,000 to $17,499","$17,500 to $19,999","$20,000 to $22,499","$22,500 to $24,999","$25,000 to $27,499","$27,500 to $29,999","$30,000 to $32,499","$32,500 to $34,999","$35,000 to $37,499","$37,500 to $39,999","$40,000 to $42,499","$42,500 to $44,999","$45,000 to $47,499","$47,500 to $49,999","$50,000 to $52,499","$53,500 to $54,999","$55,000 to $57,499","$57,500 to $59,999","$60,000 to $62,499","$62,500 to $64,999","$65,000 to $67,499","$67,500 to $69,999","$70,000 to $72,499","$72,500 to $74,999","$75,000 to $77,499","$77,500 to $79,999 ","$80,000 to $82,499","$82,500 to $84,999","$85,000 to $87,499","$87,500 to $89,999","$90,000 to $92,499","$92,500 to $94,999","$95,000 to $97,499","$97,500 to $99,999","$100,000 and over",Median Earnings (Value Dol.),Median Earnings (Standard Error Dol.),Mean Earnings (Value Dol.),Mean Earnings (Standard Error Dol.), Gini Ratio , Gini Ratio Standard Error
....Total,"29,702",1136,1093,1058,807,1367,709,1395,854,1910,1047,1881,730,1909,504,1345,526,1461,271,878,396,1159,203,686,239,947,158,438,103,473,60,423,75,405,98,251,62,273,59,117,53,2144,"104,080",2725,"140,361",3400,1.4,0.0268
"Management, science, and arts occupations","10,787",168,163,166,109,242,120,242,156,346,170,375,135,542,125,415,180,589,132,417,201,603,105,362,151,582,116,273,69,302,50,281,54,328,65,194,55,206,47,87,47,1819,"164,169",4315,"205,251","6,418",1.246,0.0391
"....Management, business, and financial operations occupations","3,895",28,38,34,14,57,22,59,37,125,29,122,53,139,32,179,61,266,58,155,55,228,46,115,68,173,47,115,27,120,10,106,31,123,21,81,18,68,11,40,18,865,"182,582","7,349","230,151","12,089",1.188,0.0663
........Management occupations,2270,18,23,27,14,31,8,36,23,65,24,79,42,80,17,120,30,146,19,74,29,125,14,73,55,91,35,44,10,55,5,71,17,71,16,50,9,29,4,25,16,547,"187,432","7,463","246,933","19,439",1.286,0.0892
"............Chief Executives, General and Operations Managers",207,0,0,0,0,0,0,0,2,5,0,3,4,5,1,13,0,3,0,2,0,6,0,0,5,4,0,0,0,2,0,1,0,5,0,2,0,0,0,0,0,26,57980,9860,80235,10970,0.4,0.0312
............Legislators,0,0,0,0,0,0,0,0,0,0,0,0,0,0,0,0,0,0,0,0,0,0,0,0,0,0,0,0,0,0,0,0,0,0,0,0,0,0,0,0,0,0,0,0,0,0,0,0
............All other Managers,2061,18,23,27,10,31,8,36,21,56,24,73,38,75,13,99,30,140,19,69,29,119,12,73,37,82,35,44,10,51,5,70,11,55,10,46,9,29,4,25,16,479,"182,794","10,862","236,688","18,728",1.249,0.092
........Business and financial operations occupations,1627,10,15,7,0,25,14,24,14,59,4,42,11,59,15,61,31,119,38,82,24,103,32,44,12,82,12,71,17,64,5,35,14,53,5,31,9,38,7,15,2,318,"178,231","11,561","208,692","10,808",1.027,0.0656
............Business Operations Specialists,927,4,15,4,0,10,7,16,8,37,3,34,3,21,8,33,17,78,27,40,16,46,23,27,2,52,3,20,17,27,3,22,7,23,0,20,4,21,7,7,2,208,"188,173","14,829","218,174","17,059",1.072,0.1085
............Financial Specialists,700,6,0,2,0,15,7,8,6,25,1,7,8,38,6,26,15,41,12,43,9,57,9,17,10,29,9,52,0,36,2,12,8,28,5,10,5,19,0,8,0,110,"168,775","12,877","196,551","13,360",0.946,0.0771
....Professional and related occupations,"6,891",139,125,132,93,185,97,183,120,221,141,253,82,403,94,236,118,324,74,262,147,375,58,246,83,409,70,158,42,182,41,175,23,204,43,113,37,138,37,47,29,954,"152,290","5,184","191,299","7,389",1.267,0.0509
........Computer and mathematical occupations,675,8,7,0,8,3,3,3,6,15,1,11,5,22,0,8,0,20,7,5,11,27,5,25,14,47,4,9,0,14,11,12,7,35,12,14,4,33,12,8,3,236,"225,996","22,877","267,258","33,748",1.109,0.1663
"............Computer scientists, analysts, programmers, engineers,
 ............and administrators",607,8,7,0,8,3,3,3,6,15,1,11,5,20,0,8,0,16,7,5,11,27,3,12,14,43,4,6,0,10,4,10,7,35,10,10,4,31,12,8,3,217,"220,233","21,467","269,915","36,092",1.134,0.1712
............Actuaries,10,0,0,0,0,0,0,0,0,0,0,0,0,0,0,0,0,0,0,0,0,0,0,0,0,0,0,0,0,0,0,0,0,0,0,0,0,0,0,0,0,0,0,0,0,0,0,0
"............Mathematicians, statisticians, operations research
 ............and other math occupations",56,0,0,0,0,0,0,0,0,0,0,0,0,0,0,0,0,0,0,0,0,0,0,0,0,0,0,0,0,0,0,0,0,0,0,0,0,0,0,0,0,0,0,0,0,0,0,0
........Architecture and engineering occupations,217,0,0,0,2,0,0,2,3,0,0,2,5,0,0,0,2,2,0,0,0,0,0,2,0,5,3,1,0,3,0,9,0,3,0,0,0,5,0,3,0,31,80495,10899,143111,34019,0.556,0.0752
"............Architects, except naval",18,0,0,0,0,0,0,0,0,0,0,0,0,0,0,0,0,0,0,0,0,0,0,0,0,0,0,0,0,0,0,0,0,0,0,0,0,0,0,0,0,0,0,0,0,0,0,0
"............Surveyors, Cartographers, and photogrammetrists",0,0,0,0,0,0,0,0,0,0,0,0,0,0,0,0,0,0,0,0,0,0,0,0,0,0,0,0,0,0,0,0,0,0,0,0,0,0,0,0,0,0,0,0,0,0,0,0
............Engineers,144,0,0,0,0,0,0,0,0,0,0,0,0,0,0,0,0,0,0,0,0,0,0,0,0,0,0,0,0,0,0,0,0,0,0,0,0,0,0,0,0,0,0,0,0,0,0,0
"............Drafters, Engineering technicians, and Surveying
 ............and mapping technicians",55,0,0,0,0,0,0,0,0,0,0,0,0,0,0,0,0,0,0,0,0,0,0,0,0,0,0,0,0,0,0,0,0,0,0,0,0,0,0,0,0,0,0,0,0,0,0,0
"........Life, physical, and social science occupations",302,0,14,2,0,7,3,6,5,5,0,16,2,8,0,7,0,9,2,9,4,30,0,6,2,28,2,2,4,8,3,19,0,26,2,0,0,10,2,0,0,59,"186,688","29,697","201,986","22,655",1.033,0.1485
............Astronomers and Physicists,0,0,0,0,0,0,0,0,0,0,0,0,0,0,0,0,0,0,0,0,0,0,0,0,0,0,0,0,0,0,0,0,0,0,0,0,0,0,0,0,0,0,0,0,0,0,0,0
............Economists,9,0,0,0,0,0,0,0,0,0,0,0,0,0,0,0,0,0,0,0,0,0,0,0,0,0,0,0,0,0,0,0,0,0,0,0,0,0,0,0,0,0,0,0,0,0,0,0
............Psychologists and Sociologists,39,0,0,0,0,0,0,0,0,0,0,0,0,0,0,0,0,0,0,0,0,0,0,0,0,0,0,0,0,0,0,0,0,0,0,0,0,0,0,0,0,0,0,0,0,0,0,0
............All other scientists,161,0,0,0,0,0,0,0,0,0,0,4,0,6,0,2,0,3,0,0,0,11,0,3,2,15,0,0,2,3,0,3,0,10,0,0,0,2,0,0,0,27,68948,11122,86779,10516,0.327,0.0381
............Science technicians,92,0,0,0,0,0,0,0,0,0,0,0,0,0,0,0,0,0,0,0,0,0,0,0,0,0,0,0,0,0,0,0,0,0,0,0,0,0,0,0,0,0,0,0,0,0,0,0
........Community and social services occupations,681,1,10,8,5,9,3,5,12,18,3,32,12,65,20,41,11,71,4,38,14,43,7,35,18,40,0,6,5,25,5,10,2,19,0,10,3,0,0,1,0,12,"83,355","5,054","90,748","4,046",0.533,0.0409
........Legal occupations,303,0,0,10,0,1,0,3,2,3,2,7,0,21,0,6,0,12,0,1,2,4,4,7,0,12,6,8,0,16,0,2,0,24,0,1,0,9,0,0,5,70,"144,789","16,913","179,499","21,313",0.765,0.0723
"............Lawyers, Judges, and Magistrates",158,0,0,0,0,1,0,0,0,2,0,0,0,0,0,0,0,3,0,0,0,1,1,0,0,0,0,1,0,8,0,0,0,14,0,1,0,3,0,0,5,33,"97,908","19,277","126,951","16,844",0.33,0.0279
"............Paralegals, Legal assistants, and Legal support workers",147,0,0,0,0,0,0,0,0,0,0,0,0,0,0,0,0,0,0,0,0,0,0,0,0,0,0,0,0,0,0,0,0,0,0,0,0,0,0,0,0,0,0,0,0,0,0,0
........Education instruction and library occupations,2019,79,69,64,37,84,53,94,54,106,79,74,28,138,24,74,40,83,31,67,72,102,21,53,20,125,13,41,15,39,5,44,3,20,9,28,15,27,1,17,5,64,"109,412","10,039","128,020","10,190",1.257,0.104
............Postsecondary teachers,202,0,4,6,0,0,0,0,0,0,1,2,0,2,1,9,0,0,0,6,3,3,0,0,0,2,0,7,0,5,0,0,0,0,3,3,3,0,0,0,0,21,"65,508","12,640","72,558","11,952",0.398,0.0529
............All other teachers,1317,42,46,29,18,48,33,35,24,49,55,50,17,85,14,31,38,65,23,56,59,84,17,51,20,87,13,28,15,25,4,38,2,18,6,18,10,21,0,13,2,24,"126,478","9,523","128,078","7,202",1.062,0.0774
"............Archivists, Curators, Museum technicians, Librarians,
 ............and Other technicians and assistants",498,31,21,27,16,37,17,53,28,52,21,21,11,41,2,26,0,16,5,4,9,6,4,2,0,25,0,2,0,8,1,2,0,2,0,0,0,0,0,0,0,2,"65,865","8,204","77,662","7,871",1.225,0.1172
"........Arts, design, entertainment, sports, and media occupations",424,36,3,24,18,17,2,15,8,24,8,11,6,23,4,6,3,20,1,12,2,33,11,22,3,9,6,9,0,1,0,18,0,4,0,10,2,0,3,2,2,42,"127,433","19,392","136,186","16,192",1.317,0.1219
........Healthcare practitioner and technical occupations,2271,12,20,22,20,56,30,51,24,45,46,86,17,112,39,83,42,107,28,112,32,134,11,89,27,134,23,73,18,73,17,50,9,67,19,44,10,48,16,15,14,398,"173,564","8,726","217,503","14,350",1.239,0.087
............Doctors,191,0,0,0,0,0,2,0,0,0,0,0,1,3,0,0,0,0,0,0,0,3,0,0,0,0,0,0,6,3,3,4,0,4,0,4,0,0,0,2,0,65,121376,34708,168493,18718,0.387,0.028
............Nurses,1206,4,3,14,10,34,10,13,10,21,26,33,4,51,10,38,24,72,20,53,14,61,5,52,15,77,17,38,7,52,11,38,9,47,15,31,8,29,9,8,12,203,"181,172","9,550","211,697","17,890",1.073,0.1413
............All other health and technical occupations,876,9,13,9,10,22,18,38,14,24,21,52,11,57,29,47,17,34,8,59,18,68,5,34,12,54,6,32,4,10,2,8,0,11,4,8,2,13,7,5,2,78,"134,801","11,981","154,193","10,339",1.072,0.0801
Service occupations,"8,185",476,454,445,316,609,331,523,339,874,446,718,250,494,148,341,133,337,52,133,68,120,35,95,34,102,7,27,19,38,6,49,8,17,12,9,5,8,3,6,2,97,"67,009",1979,"78,528",3402,1.267,0.0593
....Healthcare support occupations,"2,432",54,72,83,56,151,86,125,122,255,137,256,82,227,64,144,54,126,29,58,36,37,15,20,8,38,0,11,8,14,4,21,0,4,2,3,0,6,0,2,0,21,"78,510",3691,"87,723",4309,1.009,0.0546
....Protective service occupations,408,6,7,9,16,16,7,6,19,33,10,8,10,35,10,23,4,18,6,10,2,27,2,12,7,14,1,4,3,8,0,13,3,2,0,3,5,2,3,0,0,33,"72,371","7,004","89,996","7,791",0.762,0.0509
........Supervisors,48,0,0,0,0,0,0,0,0,0,0,0,0,0,0,0,0,0,0,0,0,0,0,0,0,0,0,0,0,0,0,0,0,0,0,0,0,0,0,0,0,0,0,0,0,0,0,0
........Firefighters and Police,51,0,0,0,0,0,0,0,0,0,0,0,0,0,0,0,0,0,0,0,0,0,0,0,0,0,0,0,0,0,0,0,0,0,0,0,0,0,0,0,0,0,0,0,0,0,0,0
........All other protective service occupations,309,6,2,9,16,16,7,6,17,33,10,6,7,28,7,19,1,10,2,3,2,15,2,12,7,10,0,2,3,0,0,13,0,0,0,3,5,2,3,0,0,14,"65,528","3,977","78,906","8,659",0.794,0.0585
....Food preparations and serving related occupations,2235,194,205,144,104,152,120,169,78,239,112,207,42,82,32,64,36,76,1,33,7,35,15,18,3,13,0,0,6,4,0,0,5,5,10,2,0,0,0,0,0,17,"57,722","5,643","67,819","6,805",1.438,0.1298
........Supervisors,131,0,0,0,0,0,0,0,0,0,0,0,0,0,0,0,0,0,0,0,0,0,0,0,0,0,0,0,0,0,0,0,0,0,0,0,0,0,0,0,0,0,0,0,0,0,0,0
........Chefs and Cooks,605,47,35,23,38,33,38,47,29,68,49,51,9,30,2,11,9,39,0,11,0,12,1,8,2,3,0,0,0,0,0,0,2,0,0,0,0,0,0,0,0,9,"61,353","6,379","78,229","15,508",1.379,0.2577
........All other food preparation occupations,1499,141,166,118,61,110,72,112,40,168,62,142,33,46,30,47,28,28,1,15,7,18,8,7,1,5,0,0,6,4,0,0,3,5,10,2,0,0,0,0,0,5,"49,908","7,208","61,113","6,159",1.417,0.1163
....Building and grounds cleaning and maintenance occupations,1644,81,118,127,79,185,56,136,85,207,113,99,60,83,24,40,18,48,9,17,11,7,0,10,8,5,2,0,3,3,0,0,0,0,0,0,0,0,0,0,0,10,"59,102","5,673","77,223","18,333",1.423,0.2682
........Supervisors,57,0,0,0,0,0,0,0,0,0,0,0,0,0,0,0,0,0,0,0,0,0,0,0,0,0,0,0,0,0,0,0,0,0,0,0,0,0,0,0,0,0,0,0,0,0,0,0
........All other maintenance occupations,1587,81,117,123,79,180,51,134,84,206,113,99,56,79,20,40,11,37,7,17,9,7,0,10,3,5,2,0,3,3,0,0,0,0,0,0,0,0,0,0,0,10,"58,480","5,413","77,475","19,821",1.446,0.2757
....Personal care and service occupations,1466,140,48,81,62,104,61,88,35,139,74,149,56,66,18,70,19,70,5,13,13,16,1,35,6,30,4,13,0,9,2,14,0,6,0,0,0,0,0,4,2,15,"68,435","4,445","75,103","4,694",1.245,0.0682
........Supervisors,62,0,0,0,0,0,0,0,0,0,0,0,0,0,0,0,0,0,0,0,0,0,0,0,0,0,0,0,0,0,0,0,0,0,0,0,0,0,0,0,0,0,0,0,0,0,0,0
........All other personal care and service occupations,1404,140,48,81,62,104,55,86,35,139,74,140,56,61,16,70,19,66,5,6,13,16,1,35,6,29,0,10,0,4,0,12,0,6,0,0,0,0,0,4,2,7,"66,173","4,447","71,089","4,346",1.218,0.065
Sales and office occupations,"7,653",382,318,330,287,363,188,404,233,438,253,484,237,637,161,425,163,344,72,278,90,345,47,174,48,216,20,114,12,110,4,79,11,51,14,43,0,53,9,18,3,196,"89,374",3668,"106,923","4,370",1.301,0.0521
....Sales and related occupations,"2,983",249,193,174,181,200,77,193,117,203,108,172,80,178,19,117,28,112,11,53,19,90,23,46,6,49,8,40,6,22,2,40,0,29,5,0,0,8,3,5,0,114,"67,197","5,699","95,939","7,420",1.542,0.0731
........Supervisors,595,7,20,11,7,18,1,22,13,20,11,32,24,86,0,34,12,55,3,27,4,21,14,28,0,24,6,9,1,11,0,15,0,14,0,0,0,3,0,2,0,38,"115,010","14,568","137,927","14,211",1.103,0.1263
........Cashiers,1217,160,129,119,105,98,36,121,75,91,51,79,28,35,7,22,13,9,0,9,5,19,0,2,2,0,0,0,0,0,0,0,0,0,0,0,0,0,0,1,0,5,"40,157","5,824","54,206",9388,1.493,0.1487
........Insurance sales agents,86,0,0,0,0,0,0,0,0,0,0,0,0,0,0,0,0,0,0,0,0,0,0,0,0,0,0,0,0,0,0,0,0,0,0,0,0,0,0,0,0,0,0,0,0,0,0,0
........Real estate brokers and sales agents,168,0,0,0,0,2,1,3,0,11,0,0,0,3,0,2,0,4,0,6,0,12,1,0,0,11,2,2,0,0,0,4,0,8,0,0,0,2,0,0,0,14,54199,9213,74953,13702,0.431,0.0865
........All other sales and related occupations,918,80,39,44,69,69,40,37,28,73,42,62,27,43,7,50,1,36,8,9,9,26,6,13,2,10,0,18,4,5,0,12,0,4,5,0,0,3,0,2,0,36,"70,652","9,601","90,703","9,199",1.448,0.1001
....Office and administrative support occupations,"4,670",135,124,155,105,164,110,211,116,234,145,311,158,460,142,308,134,231,61,224,71,255,25,128,42,167,12,74,6,87,2,39,11,22,9,43,0,45,5,14,3,81,"100,292",3154,"113,523","4,945",1.118,0.0594
........Supervisors,335,4,2,4,3,0,0,14,1,12,5,17,4,13,10,22,10,19,19,8,6,31,8,10,8,2,2,4,2,11,2,2,0,6,3,18,0,19,0,0,0,7,"88,792","8,348","97,344","6,755",0.572,0.055
........Postal workers,110,0,0,0,0,0,0,0,0,0,0,0,0,0,0,0,0,0,0,0,0,0,0,0,0,0,0,0,0,0,0,0,0,0,0,0,0,0,0,0,0,0,0,0,0,0,0,0
........All other office and administrative support occupations,"4,225",130,117,150,102,162,110,192,116,222,141,292,154,437,132,279,114,204,41,211,65,207,15,113,28,152,10,61,4,62,0,36,11,13,6,19,0,26,5,8,3,72,"97,914",3463,"109,909","5,319",1.134,0.0666
"Natural resources, construction, and maintenance occupations",489,15,32,17,32,15,10,40,12,42,29,41,11,28,5,10,4,28,2,4,5,20,4,2,3,8,8,2,3,0,0,2,0,2,0,0,0,0,0,3,0,5,"51,897","6,549","59,582","5,370",0.761,0.0586
"....Farming, fishing and forestry occupations",246,13,17,10,25,12,3,24,10,25,10,21,9,11,1,3,2,7,0,1,0,0,0,2,0,0,0,0,0,0,0,0,0,0,0,0,0,0,0,0,0,0,17298,1736,17378,1208,0.352,0.0247
........Supervisors,6,0,0,0,0,0,0,0,0,0,0,0,0,0,0,0,0,0,0,0,0,0,0,0,0,0,0,0,0,0,0,0,0,0,0,0,0,0,0,0,0,0,0,0,0,0,0,0
"........All other farming, fishing, and forestry occupations",241,13,17,10,25,12,3,24,10,25,10,21,9,7,1,3,2,7,0,1,0,0,0,2,0,0,0,0,0,0,0,0,0,0,0,0,0,0,0,0,0,0,17100,1482,17140,1241,0.354,0.0252
....Construction and extraction occupations,173,0,6,5,1,0,7,7,2,10,8,8,2,6,3,6,2,15,0,1,2,7,3,0,3,2,2,0,1,0,0,0,0,0,0,0,0,0,0,0,0,2,29411,4281,31386,2409,0.317,0.0346
.......Construction,169,0,6,5,1,0,7,7,2,10,8,8,2,6,3,6,2,15,0,1,2,7,3,0,3,2,2,0,1,0,0,0,0,0,0,0,0,0,0,0,0,2,29411,4281,31386,2409,0.317,0.0346
............Supervisors,4,0,0,0,0,0,0,0,0,0,0,0,0,0,0,0,0,0,0,0,0,0,0,0,0,0,0,0,0,0,0,0,0,0,0,0,0,0,0,0,0,0,0,0,0,0,0,0
"............Brickmasons, blockmasons, and stonemasons",0,0,0,0,0,0,0,0,0,0,0,0,0,0,0,0,0,0,0,0,0,0,0,0,0,0,0,0,0,0,0,0,0,0,0,0,0,0,0,0,0,0,0,0,0,0,0,0
............Carpenters,28,0,0,0,0,0,0,0,0,0,0,0,0,0,0,0,0,0,0,0,0,0,0,0,0,0,0,0,0,0,0,0,0,0,0,0,0,0,0,0,0,0,0,0,0,0,0,0
............Electricians,17,0,0,0,0,0,0,0,0,0,0,0,0,0,0,0,0,0,0,0,0,0,0,0,0,0,0,0,0,0,0,0,0,0,0,0,0,0,0,0,0,0,0,0,0,0,0,0
............Painters and paperhangers,22,0,0,0,0,0,0,0,0,0,0,0,0,0,0,0,0,0,0,0,0,0,0,0,0,0,0,0,0,0,0,0,0,0,0,0,0,0,0,0,0,0,0,0,0,0,0,0
............Sheet metal workers,12,0,0,0,0,0,0,0,0,0,0,0,0,0,0,0,0,0,0,0,0,0,0,0,0,0,0,0,0,0,0,0,0,0,0,0,0,0,0,0,0,0,0,0,0,0,0,0
............Structural iron and steel workers,0,0,0,0,0,0,0,0,0,0,0,0,0,0,0,0,0,0,0,0,0,0,0,0,0,0,0,0,0,0,0,0,0,0,0,0,0,0,0,0,0,0,0,0,0,0,0,0
............All other construction trades,86,0,0,0,0,0,0,0,0,0,0,0,0,0,0,0,0,0,0,0,0,0,0,0,0,0,0,0,0,0,0,0,0,0,0,0,0,0,0,0,0,0,0,0,0,0,0,0
........Extraction workers,3,0,0,0,0,0,0,0,0,0,0,0,0,0,0,0,0,0,0,0,0,0,0,0,0,0,0,0,0,0,0,0,0,0,0,0,0,0,0,0,0,0,0,0,0,0,0,0
"....Installation, maintenance, and repair occupations",71,0,0,0,0,0,0,0,0,0,0,0,0,0,0,0,0,0,0,0,0,0,0,0,0,0,0,0,0,0,0,0,0,0,0,0,0,0,0,0,0,0,0,0,0,0,0,0
........Supervisors,4,0,0,0,0,0,0,0,0,0,0,0,0,0,0,0,0,0,0,0,0,0,0,0,0,0,0,0,0,0,0,0,0,0,0,0,0,0,0,0,0,0,0,0,0,0,0,0
........Aircraft mechanics and service,1,0,0,0,0,0,0,0,0,0,0,0,0,0,0,0,0,0,0,0,0,0,0,0,0,0,0,0,0,0,0,0,0,0,0,0,0,0,0,0,0,0,0,0,0,0,0,0
"........Auto, bus, truck, heavy equipment, mechanics",13,0,0,0,0,0,0,0,0,0,0,0,0,0,0,0,0,0,0,0,0,0,0,0,0,0,0,0,0,0,0,0,0,0,0,0,0,0,0,0,0,0,0,0,0,0,0,0
"........Heating, air conditioning, and refrigeration mechanics
 ........and installers",6,0,0,0,0,0,0,0,0,0,0,0,0,0,0,0,0,0,0,0,0,0,0,0,0,0,0,0,0,0,0,0,0,0,0,0,0,0,0,0,0,0,0,0,0,0,0,0
"........Electrical power-line and telecommunications line installers
 ........and repairers",0,0,0,0,0,0,0,0,0,0,0,0,0,0,0,0,0,0,0,0,0,0,0,0,0,0,0,0,0,0,0,0,0,0,0,0,0,0,0,0,0,0,0,0,0,0,0,0
........All other occupations,47,0,0,0,0,0,0,0,0,0,0,0,0,0,0,0,0,0,0,0,0,0,0,0,0,0,0,0,0,0,0,0,0,0,0,0,0,0,0,0,0,0,0,0,0,0,0,0
"Production, transportation, and material moving occupations",2538,92,118,99,64,138,63,183,113,206,148,251,92,202,60,149,45,151,15,45,31,61,12,54,4,32,6,19,3,15,0,12,1,6,7,6,1,5,0,4,0,25,"77,713",3427,"88,900","6,100",1.164,0.0951
....Production occupations,1236,37,51,32,41,48,36,67,50,98,91,115,48,115,42,69,26,58,11,38,27,28,12,35,3,10,1,15,0,4,0,2,1,6,3,1,0,3,0,2,0,13,"80,196","4,499","93,370","8,343",1.118,0.1013
........Supervisors,97,0,0,0,0,0,0,0,0,0,0,0,0,0,0,0,0,0,0,0,0,0,0,0,0,0,0,0,0,0,0,0,0,0,0,0,0,0,0,0,0,0,0,0,0,0,0,0
........All other occupations,1139,37,51,32,41,40,36,64,48,93,89,105,46,109,37,65,22,44,11,27,27,24,11,35,3,10,1,8,0,1,0,2,1,3,3,1,0,3,0,2,0,13,"78,230","4,280","91,875","8,949",1.144,0.1048
....Transportation and material moving occupations,1303,55,67,67,23,90,26,116,62,109,57,136,45,88,18,81,19,94,4,7,4,34,0,19,1,23,5,5,3,10,0,9,0,0,4,5,1,2,0,2,0,13,"75,921","4,893","83,473","6,368",1.126,0.108
........Supervisors,14,0,0,0,0,0,0,0,0,0,0,0,0,0,0,0,0,0,0,0,0,0,0,0,0,0,0,0,0,0,0,0,0,0,0,0,0,0,0,0,0,0,0,0,0,0,0,0
........Aircraft pilots and flight engineers,6,0,0,0,0,0,0,0,0,0,0,0,0,0,0,0,0,0,0,0,0,0,0,0,0,0,0,0,0,0,0,0,0,0,0,0,0,0,0,0,0,0,0,0,0,0,0,0
........Air traffic controllers and airfield operation specialists,0,0,0,0,0,0,0,0,0,0,0,0,0,0,0,0,0,0,0,0,0,0,0,0,0,0,0,0,0,0,0,0,0,0,0,0,0,0,0,0,0,0,0,0,0,0,0,0
"........Auto, bus, truck, ambulance, taxi drivers",315,11,10,13,0,14,4,30,13,20,13,24,9,24,7,26,5,12,1,4,2,23,0,2,1,11,5,2,0,2,0,0,0,0,0,0,0,2,0,2,0,2,"55,963","6,015","66,829","10,897",0.808,0.1307
........Rail and subway workers,5,0,0,0,0,0,0,0,0,0,0,0,0,0,0,0,0,0,0,0,0,0,0,0,0,0,0,0,0,0,0,0,0,0,0,0,0,0,0,0,0,0,0,0,0,0,0,0
........Ship captains and engineers,0,0,0,0,0,0,0,0,0,0,0,0,0,0,0,0,0,0,0,0,0,0,0,0,0,0,0,0,0,0,0,0,0,0,0,0,0,0,0,0,0,0,0,0,0,0,0,0
........All other transportation occupations,963,44,54,50,23,74,21,86,48,89,42,112,34,64,10,51,13,70,3,3,2,11,0,14,0,11,0,3,3,6,0,5,0,0,4,5,0,0,0,0,0,11,"73,332","4,827","79,501","5,966",1.088,0.101
Armed Forces,47,0,0,0,0,0,0,0,0,0,0,0,0,0,0,0,0,0,0,0,0,0,0,0,0,0,0,0,0,0,0,0,0,0,0,0,0,0,0,0,0,0,0,0,0,0,0,0
